{
  "schema_version": "fairness_slices.v1",
  "attribute": "gender",
  "reference_group": "male",
  "protected_group": "female",
  "air_threshold": 0.8,
  "slices": {
    "historical": {
      "reference_group": "male",
      "protected_group": "female",
      "counts": {
        "ref_n": 1553,
        "prot_n": 1447,
        "ref_approved": 890,
        "prot_approved": 639
      },
      "selection_rates": {
        "ref": {
          "p": 0.5730843528654218,
          "ci95": [
            0.5483328411313784,
            0.5974751845534441
          ]
        },
        "prot": {
          "p": 0.4416033172080166,
          "ci95": [
            0.41620495970734905,
            0.4673109251418309
          ]
        }
      },
      "air": {
        "point": 0.7705729793528648,
        "ci95": [
          0.7169644921401894,
          0.8281898518241365
        ],
        "p_value": 6.0929e-13,
        "p_value_adjusted": 6.0929e-13,
        "p_value_adjustment": "none",
        "method": "wilson+delta"
      },
      "srg": {
        "point": -0.1314810356574052,
        "ci95": [
          -0.181270224846095,
          -0.08102191598954744
        ],
        "p_value": 6.0929e-13,
        "p_value_adjusted": 6.0929e-13,
        "p_value_adjustment": "none",
        "method": "newcombe_wilson"
      },
      "small_n_flag": false,
      "p_value_method": "two_proportion_z_test",
      "confidence_level": 0.95,
      "seed_material": "sha256:f8a3aaa2c39a68c3b4de0ba7c8180dc696d7a2140dd527d185d8b3a2052eef13"
    },
    "amplification": {
      "reference_group": "male",
      "protected_group": "female",
      "counts": {
        "ref_n": 5177,
        "prot_n": 4823,
        "ref_approved": 2965,
        "prot_approved": 2127
      },
      "selection_rates": {
        "ref": {
          "p": 0.5727255167085185,
          "ci95": [
            0.559201015493909,
            0.5861421658147031
          ]
        },
        "prot": {
          "p": 0.44101181837030895,
          "ci95": [
            0.4270514988171082,
            0.45506603327675627
          ]
        }
      },
      "air": {
        "point": 0.7700229961899121,
        "ci95": [
          0.7401729459739611,
          0.8010768535738247
        ],
        "p_value": 0.0,
        "p_value_adjusted": 0.0,
        "p_value_adjustment": "none",
        "method": "wilson+delta"
      },
      "srg": {
        "point": -0.1317136983382095,
        "ci95": [
          -0.15909066699759494,
          -0.10413498221715273
        ],
        "p_value": 0.0,
        "p_value_adjusted": 0.0,
        "p_value_adjustment": "none",
        "method": "newcombe_wilson"
      },
      "small_n_flag": false,
      "p_value_method": "two_proportion_z_test",
      "confidence_level": 0.95,
      "seed_material": "sha256:03f5779b8eabfaf87a0204740eae5335bdade75a3314198271bae760dd033f06"
    },
    "intrinsic": {
      "reference_group": "male",
      "protected_group": "female",
      "counts": {
        "ref_n": 5075,
        "prot_n": 4925,
        "ref_approved": 3549,
        "prot_approved": 3446
      },
      "selection_rates": {
        "ref": {
          "p": 0.6993103448275862,
          "ci95": [
            0.6865471516303371,
            0.7117720241439182
          ]
        },
        "prot": {
          "p": 0.6996954314720812,
          "ci95": [
            0.6867415169816727,
            0.7123380557925872
          ]
        }
      },
      "air": {
        "point": 1.0005506663062305,
        "ci95": [
          0.9751689584656146,
          1.0265930095037388
        ],
        "p_value": 0.9665053114215159,
        "p_value_adjusted": 0.9665053114215159,
        "p_value_adjustment": "none",
        "method": "wilson+delta"
      },
      "srg": {
        "point": 0.00038508664449499186,
        "ci95": [
          -0.02503050716224542,
          0.02579090416225016
        ],
        "p_value": 0.9665053114215159,
        "p_value_adjusted": 0.9665053114215159,
        "p_value_adjustment": "none",
        "method": "newcombe_wilson"
      },
      "small_n_flag": false,
      "p_value_method": "two_proportion_z_test",
      "confidence_level": 0.95,
      "seed_material": "sha256:c6903f30f630f5dcaf560a319e7f2f9449b5d2c301e3fb7fe3bda7f921c56a6a"
    }
  },
  "bias_preservation": {
    "abs_delta_air": 0.0005499831629527385,
    "rel_delta_air": 0.0007137327387402295
  },
  "improvement": {
    "abs_uplift_air": 0.22997768695336562,
    "rel_uplift_air": 0.2984502352346993
  },
  "sources": {
    "historical": "dataset_485998b9-162d-4a31-b2b9-15507ce4733c.csv",
    "amplification": "intake/selection_rates.csv",
    "intrinsic": "synthetic_data_postlabel.csv"
  }
}
