{
  "schema_version": "fairness_slices.v1",
  "attribute": "gender",
  "reference_group": "male",
  "protected_group": "female",
  "air_threshold": 0.8,
  "slices": {
    "historical": {
      "reference_group": "male",
      "protected_group": "female",
      "counts": {
        "ref_n": 1553,
        "prot_n": 1447,
        "ref_approved": 890,
        "prot_approved": 639
      },
      "selection_rates": {
        "ref": {
          "p": 0.5730843528654218,
          "ci95": [
            0.5483328411313784,
            0.5974751845534441
          ]
        },
        "prot": {
          "p": 0.4416033172080166,
          "ci95": [
            0.41620495970734905,
            0.4673109251418309
          ]
        }
      },
      "air": {
        "point": 0.7705729793528648,
        "ci95": [
          0.7169644921401894,
          0.8281898518241365
        ],
        "p_value": 6.0929e-13,
        "method": "wilson+delta"
      },
      "srg": {
        "point": -0.1314810356574052,
        "ci95": [
          -0.181270224846095,
          -0.08102191598954744
        ],
        "p_value": 6.0929e-13,
        "method": "newcombe_wilson"
      },
      "small_n_flag": false,
      "p_value_method": "two_proportion_z_test",
      "confidence_level": 0.95,
      "seed_material": "sha256:876a2ca2cefe7839f872ec91bbc7ff77c6eb6979a33c4639539c6b7930343eab"
    },
    "amplification": {
      "reference_group": "male",
      "protected_group": "female",
      "counts": {
        "ref_n": 5178,
        "prot_n": 4822,
        "ref_approved": 2967,
        "prot_approved": 2128
      },
      "selection_rates": {
        "ref": {
          "p": 0.5730011587485515,
          "ci95": [
            0.5594788681349536,
            0.5864152093683032
          ]
        },
        "prot": {
          "p": 0.4413106594773953,
          "ci95": [
            0.42734766219168013,
            0.45536709578960133
          ]
        }
      },
      "air": {
        "point": 0.7701741135065564,
        "ci95": [
          0.7403345373419207,
          0.8012163896139531
        ],
        "p_value": 0.0,
        "method": "wilson+delta"
      },
      "srg": {
        "point": -0.13169049927115623,
        "ci95": [
          -0.15906754717662303,
          -0.1041117723453523
        ],
        "p_value": 0.0,
        "method": "newcombe_wilson"
      },
      "small_n_flag": false,
      "p_value_method": "two_proportion_z_test",
      "confidence_level": 0.95,
      "seed_material": "sha256:5c2e5f9a988e0ad83e3ca1d44a95ca9f3b4afa7a86d14741fd52f55c83df6f18"
    },
    "intrinsic": {
      "reference_group": "male",
      "protected_group": "female",
      "counts": {
        "ref_n": 5043,
        "prot_n": 4957,
        "ref_approved": 3528,
        "prot_approved": 3467
      },
      "selection_rates": {
        "ref": {
          "p": 0.6995835812016656,
          "ci95": [
            0.6867825728958985,
            0.7120807478788214
          ]
        },
        "prot": {
          "p": 0.6994149687310873,
          "ci95": [
            0.6865002316835447,
            0.7120208579638249
          ]
        }
      },
      "air": {
        "point": 0.9997589816640798,
        "ci95": [
          0.9743988202994256,
          1.0257791784998809
        ],
        "p_value": 0.9853295604287453,
        "method": "wilson+delta"
      },
      "srg": {
        "point": -0.00016861247057831097,
        "ci95": [
          -0.02558051619527668,
          0.025238285067926358
        ],
        "p_value": 0.9853295604287453,
        "method": "newcombe_wilson"
      },
      "small_n_flag": false,
      "p_value_method": "two_proportion_z_test",
      "confidence_level": 0.95,
      "seed_material": "sha256:35823d0afe0fb08a0f7654741caa37a8079912513784c8d4419556b479c24da5"
    }
  },
  "bias_preservation": {
    "abs_delta_air": 0.00039886584630843824,
    "rel_delta_air": 0.0005176224147431304
  },
  "improvement": {
    "abs_uplift_air": 0.229186002311215,
    "rel_uplift_air": 0.29742283787797463
  },
  "sources": {
    "historical": "dataset_713194a0-4ff6-4f08-9e0e-5dce63ec0c07.csv",
    "amplification": "intake/selection_rates.csv",
    "intrinsic": "synthetic_data_postlabel.csv"
  }
}
