{
  "schema_version": "fairness_slices.v1",
  "attribute": "gender",
  "reference_group": "male",
  "protected_group": "female",
  "air_threshold": 0.8,
  "slices": {
    "historical": {
      "reference_group": "male",
      "protected_group": "female",
      "counts": {
        "ref_n": 1553,
        "prot_n": 1447,
        "ref_approved": 890,
        "prot_approved": 639
      },
      "selection_rates": {
        "ref": {
          "p": 0.5730843528654218,
          "ci95": [
            0.5483328411313784,
            0.5974751845534441
          ]
        },
        "prot": {
          "p": 0.4416033172080166,
          "ci95": [
            0.41620495970734905,
            0.4673109251418309
          ]
        }
      },
      "air": {
        "point": 0.7705729793528648,
        "ci95": [
          0.7169644921401894,
          0.8281898518241365
        ],
        "p_value": 6.0929e-13,
        "p_value_adjusted": 6.0929e-13,
        "p_value_adjustment": "none",
        "method": "wilson+delta"
      },
      "srg": {
        "point": -0.1314810356574052,
        "ci95": [
          -0.181270224846095,
          -0.08102191598954744
        ],
        "p_value": 6.0929e-13,
        "p_value_adjusted": 6.0929e-13,
        "p_value_adjustment": "none",
        "method": "newcombe_wilson"
      },
      "small_n_flag": false,
      "p_value_method": "two_proportion_z_test",
      "confidence_level": 0.95,
      "seed_material": "sha256:5a4fb1dab9416ab47c27dd7d7a7f0b77e1bf2e49b4cb735f5b7d9e9a5f471b01"
    },
    "amplification": {
      "reference_group": "male",
      "protected_group": "female",
      "counts": {
        "ref_n": 5177,
        "prot_n": 4823,
        "ref_approved": 2965,
        "prot_approved": 2128
      },
      "selection_rates": {
        "ref": {
          "p": 0.5727255167085185,
          "ci95": [
            0.559201015493909,
            0.5861421658147031
          ]
        },
        "prot": {
          "p": 0.4412191582002903,
          "ci95": [
            0.4272579804856935,
            0.45527390123174255
          ]
        }
      },
      "air": {
        "point": 0.7703850192252624,
        "ci95": [
          0.740528884407576,
          0.8014448731753427
        ],
        "p_value": 0.0,
        "p_value_adjusted": 0.0,
        "p_value_adjustment": "none",
        "method": "wilson+delta"
      },
      "srg": {
        "point": -0.13150635850822817,
        "ci95": [
          -0.1588841853290096,
          -0.10392711426216644
        ],
        "p_value": 0.0,
        "p_value_adjusted": 0.0,
        "p_value_adjustment": "none",
        "method": "newcombe_wilson"
      },
      "small_n_flag": false,
      "p_value_method": "two_proportion_z_test",
      "confidence_level": 0.95,
      "seed_material": "sha256:5a99d8cb2119892398b2759d3ff0476fa60c1c19e88dc378139f579f125caa90"
    },
    "intrinsic": {
      "reference_group": "male",
      "protected_group": "female",
      "counts": {
        "ref_n": 5072,
        "prot_n": 4928,
        "ref_approved": 3548,
        "prot_approved": 3447
      },
      "selection_rates": {
        "ref": {
          "p": 0.6995268138801262,
          "ci95": [
            0.6867622285085391,
            0.7119893795006629
          ]
        },
        "prot": {
          "p": 0.6994724025974026,
          "ci95": [
            0.686519942610276,
            0.7121141092213967
          ]
        }
      },
      "air": {
        "point": 0.9999222170163546,
        "ci95": [
          0.9745562847771508,
          1.025948378457724
        ],
        "p_value": 0.9952659226226344,
        "p_value_adjusted": 0.9952659226226344,
        "p_value_adjustment": "none",
        "method": "wilson+delta"
      },
      "srg": {
        "point": -5.441128272354323e-05,
        "ci95": [
          -0.025469436890386832,
          0.025351880712857655
        ],
        "p_value": 0.9952659226226344,
        "p_value_adjusted": 0.9952659226226344,
        "p_value_adjustment": "none",
        "method": "newcombe_wilson"
      },
      "small_n_flag": false,
      "p_value_method": "two_proportion_z_test",
      "confidence_level": 0.95,
      "seed_material": "sha256:033187e9ed14fc9bcb6e4181f676b004369bd8b470fde5284d09a49a330057d5"
    }
  },
  "bias_preservation": {
    "abs_delta_air": 0.00018796012760247116,
    "rel_delta_air": 0.00024392255196947345
  },
  "improvement": {
    "abs_uplift_air": 0.2293492376634898,
    "rel_uplift_air": 0.29763467420840484
  },
  "sources": {
    "historical": "dataset_63404f8c-bb53-426a-b3af-aeafe4b394b1.csv",
    "amplification": "intake/selection_rates.csv",
    "intrinsic": "synthetic_data_postlabel.csv"
  }
}
