{
  "schema_version": "fairness_uncertainty.v1",
  "primary_ratio_metric": "air",
  "fairness_uncertainty": {
    "gender": {
      "reference_group": "male",
      "protected_group": "female",
      "counts": {
        "ref_n": 4837,
        "prot_n": 5163,
        "ref_approved": 2793,
        "prot_approved": 2263
      },
      "selection_rates": {
        "ref": {
          "p": 0.5774240231548481,
          "ci95": [
            0.5634470527456136,
            0.5912781090940136
          ]
        },
        "prot": {
          "p": 0.43831105946155335,
          "ci95": [
            0.42482731999625983,
            0.4518865316534598
          ]
        }
      },
      "air": {
        "point": 0.759080055358229,
        "ci95": [
          0.7299180687027133,
          0.7894071336893185
        ],
        "p_value": 5.925343298757943e-44,
        "p_value_adjusted": 5.925343298757943e-44,
        "p_value_adjustment": "none",
        "method": "wilson+delta"
      },
      "srg": {
        "point": -0.13911296369329473,
        "ci95": [
          -0.16645078909775374,
          -0.11156052109215375
        ],
        "p_value": 5.925343298757943e-44,
        "p_value_adjusted": 5.925343298757943e-44,
        "p_value_adjustment": "none",
        "method": "newcombe_wilson"
      },
      "small_n_flag": false,
      "p_value_method": "two_proportion_z_test",
      "confidence_level": 0.95,
      "seed_material": "sha256:acedb962421cbcde0533a93af26f90f70ec809745dfaac73a56d7debbf260e2f"
    },
    "race": {
      "reference_group": "white",
      "pairs": {
        "black": {
          "counts": {
            "ref_n": 7874,
            "prot_n": 523,
            "ref_approved": 3980,
            "prot_approved": 283
          },
          "selection_rates": {
            "ref": {
              "p": 0.5054610109220219,
              "ci95": [
                0.4944176491067761,
                0.5164990466541541
              ]
            },
            "prot": {
              "p": 0.5411089866156787,
              "ci95": [
                0.4982568390342248,
                0.5833616208596029
              ]
            }
          },
          "air": {
            "point": 1.0705256684954407,
            "ci95": [
              0.9863515669955099,
              1.1618830904263442
            ],
            "p_value": 0.11431898945231772,
            "p_value_adjusted": 0.4572759578092709,
            "p_value_adjustment": "holm_bonferroni",
            "method": "wilson+delta"
          },
          "srg": {
            "point": 0.03564797569365685,
            "ci95": [
              -0.01824220761992934,
              0.08894397175282676
            ],
            "p_value": 0.11431898945231772,
            "p_value_adjusted": 0.11431898945231772,
            "p_value_adjustment": "none",
            "method": "newcombe_wilson"
          },
          "small_n_flag": false,
          "p_value_method": "two_proportion_z_test",
          "confidence_level": 0.95,
          "seed_material": "sha256:64095012fed89e6948f574888e108625e8a52fdc335ce61fc36bf71fce8dc5b1"
        },
        "asian": {
          "counts": {
            "ref_n": 7874,
            "prot_n": 827,
            "ref_approved": 3980,
            "prot_approved": 417
          },
          "selection_rates": {
            "ref": {
              "p": 0.5054610109220219,
              "ci95": [
                0.4944176491067761,
                0.5164990466541541
              ]
            },
            "prot": {
              "p": 0.5042321644498187,
              "ci95": [
                0.4702147444763315,
                0.5382104475217582
              ]
            }
          },
          "air": {
            "point": 0.9975688600195658,
            "ci95": [
              0.929175114609154,
              1.0709968603704274
            ],
            "p_value": 0.9463918000412538,
            "p_value_adjusted": 1.0,
            "p_value_adjustment": "holm_bonferroni",
            "method": "wilson+delta"
          },
          "srg": {
            "point": -0.0012288464722032266,
            "ci95": [
              -0.046284302177822645,
              0.04379279841498207
            ],
            "p_value": 0.9463918000412538,
            "p_value_adjusted": 0.9463918000412538,
            "p_value_adjustment": "none",
            "method": "newcombe_wilson"
          },
          "small_n_flag": false,
          "p_value_method": "two_proportion_z_test",
          "confidence_level": 0.95,
          "seed_material": "sha256:78fe18713cab1ce6c6d99f3e9927a310f0ee88cd19522bafe2bfd4df936074f7"
        },
        "hispanic": {
          "counts": {
            "ref_n": 7874,
            "prot_n": 273,
            "ref_approved": 3980,
            "prot_approved": 136
          },
          "selection_rates": {
            "ref": {
              "p": 0.5054610109220219,
              "ci95": [
                0.4944176491067761,
                0.5164990466541541
              ]
            },
            "prot": {
              "p": 0.4981684981684982,
              "ci95": [
                0.4392949664985326,
                0.5570928596085264
              ]
            }
          },
          "air": {
            "point": 0.9855725514016971,
            "ci95": [
              0.873210822137317,
              1.112392596897637
            ],
            "p_value": 0.8127149271442823,
            "p_value_adjusted": 1.0,
            "p_value_adjustment": "holm_bonferroni",
            "method": "wilson+delta"
          },
          "srg": {
            "point": -0.007292512753523717,
            "ci95": [
              -0.07720408015562152,
              0.06267521050175029
            ],
            "p_value": 0.8127149271442823,
            "p_value_adjusted": 0.8127149271442823,
            "p_value_adjustment": "none",
            "method": "newcombe_wilson"
          },
          "small_n_flag": false,
          "p_value_method": "two_proportion_z_test",
          "confidence_level": 0.95,
          "seed_material": "sha256:98bd36dc2e4c1e99beca394208e227d40a69618ea41ae35ac3d43650db9dd28f"
        },
        "other": {
          "counts": {
            "ref_n": 7874,
            "prot_n": 503,
            "ref_approved": 3980,
            "prot_approved": 240
          },
          "selection_rates": {
            "ref": {
              "p": 0.5054610109220219,
              "ci95": [
                0.4944176491067761,
                0.5164990466541541
              ]
            },
            "prot": {
              "p": 0.47713717693836977,
              "ci95": [
                0.4338255226333329,
                0.520795408245269
              ]
            }
          },
          "air": {
            "point": 0.9439643545760611,
            "ci95": [
              0.8592273824180954,
              1.0370580837432044
            ],
            "p_value": 0.2180327497931365,
            "p_value_adjusted": 0.6540982493794095,
            "p_value_adjustment": "holm_bonferroni",
            "method": "wilson+delta"
          },
          "srg": {
            "point": -0.028323833983652125,
            "ci95": [
              -0.08267352402082123,
              0.02637775913849294
            ],
            "p_value": 0.2180327497931365,
            "p_value_adjusted": 0.2180327497931365,
            "p_value_adjustment": "none",
            "method": "newcombe_wilson"
          },
          "small_n_flag": false,
          "p_value_method": "two_proportion_z_test",
          "confidence_level": 0.95,
          "seed_material": "sha256:30c1c382e47cfcf03f7399a386ddfea7e6e05cf3bed32cd3e270a69cc84a4311"
        }
      },
      "worst_case_pair": "other",
      "missing_groups": null,
      "policy": {
        "display_race_in_main_pdf": {
          "min_group_n": 300,
          "min_group_pct": 0.05
        }
      },