{
  "schema_version": "fairness_uncertainty.v1",
  "primary_ratio_metric": "air",
  "fairness_uncertainty": {
    "gender": {
      "reference_group": "male",
      "protected_group": "female",
      "counts": {
        "ref_n": 4835,
        "prot_n": 5165,
        "ref_approved": 2790,
        "prot_approved": 2262
      },
      "selection_rates": {
        "ref": {
          "p": 0.5770423991726991,
          "ci95": [
            0.5630611510159549,
            0.5909013180179561
          ]
        },
        "prot": {
          "p": 0.43794772507260404,
          "ci95": [
            0.4244680899703014,
            0.4515195974836922
          ]
        }
      },
      "air": {
        "point": 0.7589524196150683,
        "ci95": [
          0.729774954839436,
          0.7892964418959806
        ],
        "p_value": 6.104443058877863e-44,
        "p_value_adjusted": 6.104443058877863e-44,
        "p_value_adjustment": "none",
        "method": "wilson+delta"
      },
      "srg": {
        "point": -0.13909467410009502,
        "ci95": [
          -0.1664332280476547,
          -0.1115415535322627
        ],
        "p_value": 6.104443058877863e-44,
        "p_value_adjusted": 6.104443058877863e-44,
        "p_value_adjustment": "none",
        "method": "newcombe_wilson"
      },
      "small_n_flag": false,
      "p_value_method": "two_proportion_z_test",
      "confidence_level": 0.95,
      "seed_material": "sha256:a690699a4a0efceb4e7cdabad86bf940051620cf5cfcde1c8a0103acc66537e5"
    },
    "race": {
      "reference_group": "white",
      "pairs": {
        "black": {
          "counts": {
            "ref_n": 7877,
            "prot_n": 522,
            "ref_approved": 3980,
            "prot_approved": 282
          },
          "selection_rates": {
            "ref": {
              "p": 0.5052685032372731,
              "ci95": [
                0.49422729232338874,
                0.516304577775358
              ]
            },
            "prot": {
              "p": 0.5402298850574713,
              "ci95": [
                0.49733705866430983,
                0.5825349027780713
              ]
            }
          },
          "air": {
            "point": 1.0691936694969097,
            "ci95": [
              0.9849185809211408,
              1.1606798013934485
            ],
            "p_value": 0.12179603492015206,
            "p_value_adjusted": 0.48718413968060825,
            "p_value_adjustment": "holm_bonferroni",
            "method": "wilson+delta"
          },
          "srg": {
            "point": 0.034961381820198145,
            "ci95": [
              -0.01896751911104816,
              0.08830761045468255
            ],
            "p_value": 0.12179603492015206,
            "p_value_adjusted": 0.12179603492015206,
            "p_value_adjustment": "none",
            "method": "newcombe_wilson"
          },
          "small_n_flag": false,
          "p_value_method": "two_proportion_z_test",
          "confidence_level": 0.95,
          "seed_material": "sha256:f39c4464be7c188207cd7c18bd4a8ceaa3b663458e399058e58d3e60ce93ba36"
        },
        "asian": {
          "counts": {
            "ref_n": 7877,
            "prot_n": 826,
            "ref_approved": 3980,
            "prot_approved": 415
          },
          "selection_rates": {
            "ref": {
              "p": 0.5052685032372731,
              "ci95": [
                0.49422729232338874,
                0.516304577775358
              ]
            },
            "prot": {
              "p": 0.5024213075060533,
              "ci95": [
                0.46839095260845054,
                0.5364292444026417
              ]
            }
          },
          "air": {
            "point": 0.9943649847299451,
            "ci95": [
              0.9259374044643622,
              1.067849422746848
            ],
            "p_value": 0.8762648729767283,
            "p_value_adjusted": 1.0,
            "p_value_adjustment": "holm_bonferroni",
            "method": "wilson+delta"
          },
          "srg": {
            "point": -0.0028471957312198315,
            "ci95": [
              -0.04791362516690745,
              0.04220195207925298
            ],
            "p_value": 0.8762648729767283,
            "p_value_adjusted": 0.8762648729767283,
            "p_value_adjustment": "none",
            "method": "newcombe_wilson"
          },
          "small_n_flag": false,
          "p_value_method": "two_proportion_z_test",
          "confidence_level": 0.95,
          "seed_material": "sha256:798043d68600888bbbf363e809665c69e4889eebd99dbc4f2fa1443cafe77b5a"
        },
        "hispanic": {
          "counts": {
            "ref_n": 7877,
            "prot_n": 273,
            "ref_approved": 3980,
            "prot_approved": 136
          },
          "selection_rates": {
            "ref": {
              "p": 0.5052685032372731,
              "ci95": [
                0.49422729232338874,
                0.516304577775358
              ]
            },
            "prot": {
              "p": 0.4981684981684982,
              "ci95": [
                0.4392949664985326,
                0.5570928596085264
              ]
            }
          },
          "air": {
            "point": 0.9859480552947889,
            "ci95": [
              0.8735428456785068,
              1.1128172734155035
            ],
            "p_value": 0.8175701648538751,
            "p_value_adjusted": 1.0,
            "p_value_adjustment": "holm_bonferroni",
            "method": "wilson+delta"
          },
          "srg": {
            "point": -0.0071000050687749505,
            "ci95": [
              -0.07700961127682537,
              0.06286556728513765
            ],
            "p_value": 0.8175701648538751,
            "p_value_adjusted": 0.8175701648538751,
            "p_value_adjustment": "none",
            "method": "newcombe_wilson"
          },
          "small_n_flag": false,
          "p_value_method": "two_proportion_z_test",
          "confidence_level": 0.95,
          "seed_material": "sha256:5a0635da2e9b91e9cc3bd14b68e9925e2c0a5a5bdff9b21f50357921217482b9"
        },
        "other": {
          "counts": {
            "ref_n": 7877,
            "prot_n": 502,
            "ref_approved": 3980,
            "prot_approved": 239
          },
          "selection_rates": {
            "ref": {
              "p": 0.5052685032372731,
              "ci95": [
                0.49422729232338874,
                0.516304577775358
              ]
            },
            "prot": {
              "p": 0.4760956175298805,
              "ci95": [
                0.43275347097587435,
                0.5198008464230901
              ]
            }
          },
          "air": {
            "point": 0.9422626078600171,
            "ci95": [
              0.8574419414895625,
              1.0354739827967328
            ],
            "p_value": 0.20496783345237163,
            "p_value_adjusted": 0.6149035003571148,
            "p_value_adjustment": "holm_bonferroni",
            "method": "wilson+delta"
          },
          "srg": {
            "point": -0.029172885707392626,
            "ci95": [
              -0.08355110679948363,
              0.025573554099701357
            ],
            "p_value": 0.20496783345237163,
            "p_value_adjusted": 0.20496783345237163,
            "p_value_adjustment": "none",
            "method": "newcombe_wilson"
          },
          "small_n_flag": false,
          "p_value_method": "two_proportion_z_test",
          "confidence_level": 0.95,
          "seed_material": "sha256:be9636579c7c551a6fdbf9ae3289d2236740ab92145cf0275a15f58334e78e75"
        }
      },
      "worst_case_pair": "other",
      "missing_groups": null,
      "policy": {
        "display_race_in_main_pdf": {
          "min_group_n": 300,
          "min_group_pct": 0.05
        }
      },