{
  "schema_version": "fairness_uncertainty.v1",
  "primary_ratio_metric": "air",
  "fairness_uncertainty": {
    "gender": {
      "reference_group": "male",
      "protected_group": "female",
      "counts": {
        "ref_n": 5177,
        "prot_n": 4823,
        "ref_approved": 2965,
        "prot_approved": 2128
      },
      "selection_rates": {
        "ref": {
          "p": 0.5727255167085185,
          "ci95": [
            0.559201015493909,
            0.5861421658147031
          ]
        },
        "prot": {
          "p": 0.4412191582002903,
          "ci95": [
            0.4272579804856935,
            0.45527390123174255
          ]
        }
      },
      "air": {
        "point": 0.7703850192252624,
        "ci95": [
          0.740528884407576,
          0.8014448731753427
        ],
        "p_value": 0.0,
        "p_value_adjusted": 0.0,
        "p_value_adjustment": "none",
        "method": "wilson+delta"
      },
      "srg": {
        "point": -0.13150635850822817,
        "ci95": [
          -0.1588841853290096,
          -0.10392711426216644
        ],
        "p_value": 0.0,
        "p_value_adjusted": 0.0,
        "p_value_adjustment": "none",
        "method": "newcombe_wilson"
      },
      "small_n_flag": false,
      "p_value_method": "two_proportion_z_test",
      "confidence_level": 0.95,
      "seed_material": "sha256:49b4ff5b001c1e85d5a6f63d0b25d36a856087f08bb587b07bb738d9e129c109"
    },
    "race": {
      "reference_group": "white",
      "pairs": {
        "black": {
          "counts": {
            "ref_n": 6092,
            "prot_n": 1303,
            "ref_approved": 3067,
            "prot_approved": 680
          },
          "selection_rates": {
            "ref": {
              "p": 0.5034471437951412,
              "ci95": [
                0.4908933762170893,
                0.5159965665924483
              ]
            },
            "prot": {
              "p": 0.5218726016884113,
              "ci95": [
                0.4947251106476038,
                0.5488914990470983
              ]
            }
          },
          "air": {
            "point": 1.0365985945503102,
            "ci95": [
              0.9785332520202603,
              1.098109485809717
            ],
            "p_value": 0.22725769491741743,
            "p_value_adjusted": 0.45451538983483486,
            "p_value_adjustment": "holm_bonferroni",
            "method": "wilson+delta"
          },
          "srg": {
            "point": 0.018425457893270103,
            "ci95": [
              -0.021271455944844475,
              0.05799812283000905
            ],
            "p_value": 0.22725769491741743,
            "p_value_adjusted": 0.22725769491741743,
            "p_value_adjustment": "none",
            "method": "newcombe_wilson"
          },
          "small_n_flag": false,
          "p_value_method": "two_proportion_z_test",
          "confidence_level": 0.95,
          "seed_material": "sha256:b2f8779357a13a585763c1980e63c83be5cb139cafa029e862f7012d03f00cde"
        },
        "asian": {
          "counts": {
            "ref_n": 6092,
            "prot_n": 596,
            "ref_approved": 3067,
            "prot_approved": 275
          },
          "selection_rates": {
            "ref": {
              "p": 0.5034471437951412,
              "ci95": [
                0.4908933762170893,
                0.5159965665924483
              ]
            },
            "prot": {
              "p": 0.46140939597315433,
              "ci95": [
                0.4217615211846472,
                0.5015515668039151
              ]
            }
          },
          "air": {
            "point": 0.9165001761553492,
            "ci95": [
              0.8374067788734129,
              1.00306397569748
            ],
            "p_value": 0.050118057453675924,
            "p_value_adjusted": 0.15035417236102777,
            "p_value_adjustment": "holm_bonferroni",
            "method": "wilson+delta"
          },
          "srg": {
            "point": -0.04203774782198688,
            "ci95": [
              -0.09423504540780109,
              0.010658190586825822
            ],
            "p_value": 0.050118057453675924,
            "p_value_adjusted": 0.050118057453675924,
            "p_value_adjustment": "none",
            "method": "newcombe_wilson"
          },
          "small_n_flag": false,
          "p_value_method": "two_proportion_z_test",
          "confidence_level": 0.95,
          "seed_material": "sha256:f5c43936680222ace4d69fe08a6b4e1eac5d667f912a931c80737770df369983"
        },
        "hispanic": {
          "counts": {
            "ref_n": 6092,
            "prot_n": 1726,
            "ref_approved": 3067,
            "prot_approved": 926
          },
          "selection_rates": {
            "ref": {
              "p": 0.5034471437951412,
              "ci95": [
                0.4908933762170893,
                0.5159965665924483
              ]
            },
            "prot": {
              "p": 0.5365005793742758,
              "ci95": [
                0.5129196645994064,
                0.5599193745357375
              ]
            }
          },
          "air": {
            "point": 1.0656542320013327,
            "ci95": [
              1.0132302485606788,
              1.120790603908172
            ],
            "p_value": 0.01531129125900832,
            "p_value_adjusted": 0.06124516503603328,
            "p_value_adjustment": "holm_bonferroni",
            "method": "wilson+delta"
          },
          "srg": {
            "point": 0.03305343557913454,
            "ci95": [
              -0.0030769019930418917,
              0.0690259983186482
            ],
            "p_value": 0.01531129125900832,
            "p_value_adjusted": 0.01531129125900832,
            "p_value_adjustment": "none",
            "method": "newcombe_wilson"
          },
          "small_n_flag": false,
          "p_value_method": "two_proportion_z_test",
          "confidence_level": 0.95,
          "seed_material": "sha256:1dd57dc8de636086625b552169570c433481ebffbfbe9c9a195b583145f08e96"
        },
        "other": {
          "counts": {
            "ref_n": 6092,
            "prot_n": 283,
            "ref_approved": 3067,
            "prot_approved": 145
          },
          "selection_rates": {
            "ref": {
              "p": 0.5034471437951412,
              "ci95": [
                0.4908933762170893,
                0.5159965665924483
              ]
            },
            "prot": {
              "p": 0.5123674911660777,
              "ci95": [
                0.45435578188372705,
                0.5700479308273999
              ]
            }
          },
          "air": {
            "point": 1.017718538044912,
            "ci95": [
              0.9059228643990006,
              1.1433103891989764
            ],
            "p_value": 0.7692176890872229,
            "p_value_adjusted": 0.7692176890872229,
            "p_value_adjustment": "holm_bonferroni",
            "method": "wilson+delta"
          },
          "srg": {
            "point": 0.008920347370936499,
            "ci95": [
              -0.06164078470872125,
              0.07915455461031062
            ],
            "p_value": 0.7692176890872229,
            "p_value_adjusted": 0.7692176890872229,
            "p_value_adjustment": "none",
            "method": "newcombe_wilson"
          },
          "small_n_flag": false,
          "p_value_method": "two_proportion_z_test",
          "confidence_level": 0.95,
          "seed_material": "sha256:a70e38eed2c004305213e980bfed4402a0c5e78e1a7a0fdaf0ce55e00d1dbaa7"
        }
      },
      "worst_case_pair": "asian",
      "missing_groups": null,
      "policy": {
        "display_race_in_main_pdf": {
          "min_group_n": 300,
          "min_group_pct": 0.05
        }
      },
      "observed": {
        "total_n": 10000,