{
  "schema_version": "fairness_uncertainty.v1",
  "primary_ratio_metric": "air",
  "fairness_uncertainty": {
    "gender": {
      "reference_group": "male",
      "protected_group": "female",
      "counts": {
        "ref_n": 4836,
        "prot_n": 5164,
        "ref_approved": 2792,
        "prot_approved": 2263
      },
      "selection_rates": {
        "ref": {
          "p": 0.5773366418527709,
          "ci95": [
            0.5633579052198828,
            0.5911926073423465
          ]
        },
        "prot": {
          "p": 0.4382261812548412,
          "ci95": [
            0.4247440928097226,
            0.45180011086710836
          ]
        }
      },
      "air": {
        "point": 0.75904792713052,
        "ci95": [
          0.7298827736525747,
          0.7893784816949103
        ],
        "p_value": 5.956237349127732e-44,
        "p_value_adjusted": 5.956237349127732e-44,
        "p_value_adjustment": "none",
        "method": "wilson+delta"
      },
      "srg": {
        "point": -0.1391104605979297,
        "ci95": [
          -0.16644851453262388,
          -0.11155779435277446
        ],
        "p_value": 5.956237349127732e-44,
        "p_value_adjusted": 5.956237349127732e-44,
        "p_value_adjustment": "none",
        "method": "newcombe_wilson"
      },
      "small_n_flag": false,
      "p_value_method": "two_proportion_z_test",
      "confidence_level": 0.95,
      "seed_material": "sha256:6271ad6c02481019944e9a2406266b34f346158de3817651dba3fa222dc54113"
    },
    "race": {
      "reference_group": "white",
      "pairs": {
        "black": {
          "counts": {
            "ref_n": 7876,
            "prot_n": 523,
            "ref_approved": 3982,
            "prot_approved": 283
          },
          "selection_rates": {
            "ref": {
              "p": 0.505586592178771,
              "ci95": [
                0.4945446016568017,
                0.5166231355220776
              ]
            },
            "prot": {
              "p": 0.5411089866156787,
              "ci95": [
                0.4982568390342248,
                0.5833616208596029
              ]
            }
          },
          "air": {
            "point": 1.070259763582392,
            "ci95": [
              0.9861087427178393,
              1.161591933954888
            ],
            "p_value": 0.11559619780648023,
            "p_value_adjusted": 0.4623847912259209,
            "p_value_adjustment": "holm_bonferroni",
            "method": "wilson+delta"
          },
          "srg": {
            "point": 0.035522394436907745,
            "ci95": [
              -0.018366296487852818,
              0.08881701920280116
            ],
            "p_value": 0.11559619780648023,
            "p_value_adjusted": 0.11559619780648023,
            "p_value_adjustment": "none",
            "method": "newcombe_wilson"
          },
          "small_n_flag": false,
          "p_value_method": "two_proportion_z_test",
          "confidence_level": 0.95,
          "seed_material": "sha256:0d1370b051073a42521a37b0a45490a3d23ddba059ec69ea0c7b0363a616c47c"
        },
        "asian": {
          "counts": {
            "ref_n": 7876,
            "prot_n": 826,
            "ref_approved": 3982,
            "prot_approved": 415
          },
          "selection_rates": {
            "ref": {
              "p": 0.505586592178771,
              "ci95": [
                0.4945446016568017,
                0.5166231355220776
              ]
            },
            "prot": {
              "p": 0.5024213075060533,
              "ci95": [
                0.46839095260845054,
                0.5364292444026417
              ]
            }
          },
          "air": {
            "point": 0.9937393816970556,
            "ci95": [
              0.9253584003481955,
              1.0671734955494665
            ],
            "p_value": 0.8625717869979987,
            "p_value_adjusted": 1.0,
            "p_value_adjustment": "holm_bonferroni",
            "method": "wilson+delta"
          },
          "srg": {
            "point": -0.0031652846727177053,
            "ci95": [
              -0.048232182913627075,
              0.04188464274584003
            ],
            "p_value": 0.8625717869979987,
            "p_value_adjusted": 0.8625717869979987,
            "p_value_adjustment": "none",
            "method": "newcombe_wilson"
          },
          "small_n_flag": false,
          "p_value_method": "two_proportion_z_test",
          "confidence_level": 0.95,
          "seed_material": "sha256:6efb2b55165a6acc51103bdf63111ea29780e132f2cca688be8dc8ee0f2ded94"
        },
        "hispanic": {
          "counts": {
            "ref_n": 7876,
            "prot_n": 273,
            "ref_approved": 3982,
            "prot_approved": 136
          },
          "selection_rates": {
            "ref": {
              "p": 0.505586592178771,
              "ci95": [
                0.4945446016568017,
                0.5166231355220776
              ]
            },
            "prot": {
              "p": 0.4981684981684982,
              "ci95": [
                0.4392949664985326,
                0.5570928596085264
              ]
            }
          },
          "air": {
            "point": 0.9853277477586869,
            "ci95": [
              0.8729952291103147,
              1.112114634913456
            ],
            "p_value": 0.8095499311680412,
            "p_value_adjusted": 1.0,
            "p_value_adjustment": "holm_bonferroni",
            "method": "wilson+delta"
          },
          "srg": {
            "point": -0.007418094010272824,
            "ci95": [
              -0.077328169023545,
              0.0625482579517247
            ],
            "p_value": 0.8095499311680412,
            "p_value_adjusted": 0.8095499311680412,
            "p_value_adjustment": "none",
            "method": "newcombe_wilson"
          },
          "small_n_flag": false,
          "p_value_method": "two_proportion_z_test",
          "confidence_level": 0.95,
          "seed_material": "sha256:37452414eb7cbd6f75076575561aab8f7db6582169900e6afa6c269e5cb22030"
        },
        "other": {
          "counts": {
            "ref_n": 7876,
            "prot_n": 502,
            "ref_approved": 3982,
            "prot_approved": 239
          },
          "selection_rates": {
            "ref": {
              "p": 0.505586592178771,
              "ci95": [
                0.4945446016568017,
                0.5166231355220776
              ]
            },
            "prot": {
              "p": 0.4760956175298805,
              "ci95": [
                0.43275347097587435,
                0.5198008464230901
              ]
            }
          },
          "air": {
            "point": 0.9416697849486033,
            "ci95": [
              0.8569049665045921,
              1.0348195173874006
            ],
            "p_value": 0.20007225523028152,
            "p_value_adjusted": 0.6002167656908446,
            "p_value_adjustment": "holm_bonferroni",
            "method": "wilson+delta"
          },
          "srg": {
            "point": -0.0294909746488905,
            "ci95": [
              -0.08386966454620326,
              0.025256244766288405
            ],
            "p_value": 0.20007225523028152,
            "p_value_adjusted": 0.20007225523028152,
            "p_value_adjustment": "none",
            "method": "newcombe_wilson"
          },
          "small_n_flag": false,
          "p_value_method": "two_proportion_z_test",
          "confidence_level": 0.95,
          "seed_material": "sha256:04789d89e7f247c538e38d008abe4ae29b5a8fca3b823e63b13dae96a653943a"
        }
      },
      "worst_case_pair": "other",
      "missing_groups": null,
      "policy": {
        "display_race_in_main_pdf": {
          "min_group_n": 300,
          "min_group_pct": 0.05
        }
      },