{
  "schema_version": "fairness_uncertainty.v1",
  "primary_ratio_metric": "air",
  "fairness_uncertainty": {
    "gender": {
      "reference_group": "male",
      "protected_group": "female",
      "counts": {
        "ref_n": 5178,
        "prot_n": 4822,
        "ref_approved": 2967,
        "prot_approved": 2128
      },
      "selection_rates": {
        "ref": {
          "p": 0.5730011587485515,
          "ci95": [
            0.5594788681349536,
            0.5864152093683032
          ]
        },
        "prot": {
          "p": 0.4413106594773953,
          "ci95": [
            0.42734766219168013,
            0.45536709578960133
          ]
        }
      },
      "air": {
        "point": 0.7701741135065564,
        "ci95": [
          0.7403345373419207,
          0.8012163896139531
        ],
        "p_value": 0.0,
        "method": "wilson+delta"
      },
      "srg": {
        "point": -0.13169049927115623,
        "ci95": [
          -0.15906754717662303,
          -0.1041117723453523
        ],
        "p_value": 0.0,
        "method": "newcombe_wilson"
      },
      "small_n_flag": false,
      "p_value_method": "two_proportion_z_test",
      "confidence_level": 0.95,
      "seed_material": "sha256:a71d1014a00233c3237eaa8f7f9c43f451b48a073e17ca98100133ab8dcfd4e7"
    },
    "race": {
      "reference_group": "white",
      "pairs": {
        "black": {
          "counts": {
            "ref_n": 6091,
            "prot_n": 1302,
            "ref_approved": 3068,
            "prot_approved": 679
          },
          "selection_rates": {
            "ref": {
              "p": 0.5036939747167952,
              "ci95": [
                0.49113906578212246,
                0.5162442270010731
              ]
            },
            "prot": {
              "p": 0.521505376344086,
              "ci95": [
                0.4943476860354708,
                0.5485365351441883
              ]
            }
          },
          "air": {
            "point": 1.0353615538826038,
            "ci95": [
              0.9773185283525285,
              1.0968517593391296
            ],
            "p_value": 0.24327851233892672,
            "method": "wilson+delta",
            "p_value_adjusted": 0.48655702467785344,
            "p_value_adjustment": "holm_bonferroni"
          },
          "srg": {
            "point": 0.01781140162729078,
            "ci95": [
              -0.021896540965602285,
              0.057397469362065856
            ],
            "p_value": 0.24327851233892672,
            "method": "newcombe_wilson"
          },
          "small_n_flag": false,
          "p_value_method": "two_proportion_z_test",
          "confidence_level": 0.95,
          "seed_material": "sha256:07f01a5acd4e32f0cf8678b704f94724cb7aac741ca7c453320b4eeb916b0b68"
        },
        "asian": {
          "counts": {
            "ref_n": 6091,
            "prot_n": 596,
            "ref_approved": 3068,
            "prot_approved": 275
          },
          "selection_rates": {
            "ref": {
              "p": 0.5036939747167952,
              "ci95": [
                0.49113906578212246,
                0.5162442270010731
              ]
            },
            "prot": {
              "p": 0.46140939597315433,
              "ci95": [
                0.4217615211846472,
                0.5015515668039151
              ]
            }
          },
          "air": {
            "point": 0.9160510530875109,
            "ci95": [
              0.836998787985817,
              1.0025695901927125
            ],
            "p_value": 0.04878767322464972,
            "method": "wilson+delta",
            "p_value_adjusted": 0.14636301967394916,
            "p_value_adjustment": "holm_bonferroni"
          },
          "srg": {
            "point": -0.04228457874364089,
            "ci95": [
              -0.09448270581642587,
              0.010412501021792642
            ],
            "p_value": 0.04878767322464972,
            "method": "newcombe_wilson"
          },
          "small_n_flag": false,
          "p_value_method": "two_proportion_z_test",
          "confidence_level": 0.95,
          "seed_material": "sha256:82b7053ee754d4c6c4c11a8b325294f9e7d7680d7ca91c1e027ab7f014e3012e"
        },
        "hispanic": {
          "counts": {
            "ref_n": 6091,
            "prot_n": 1728,
            "ref_approved": 3068,
            "prot_approved": 928
          },
          "selection_rates": {
            "ref": {
              "p": 0.5036939747167952,
              "ci95": [
                0.49113906578212246,
                0.5162442270010731
              ]
            },
            "prot": {
              "p": 0.5370370370370371,
              "ci95": [
                0.5134704581678986,
                0.5604393035562684
              ]
            }
          },
          "air": {
            "point": 1.0661970640784202,
            "ci95": [
              1.0138155194266472,
              1.121285044139327
            ],
            "p_value": 0.01439418731305242,
            "method": "wilson+delta",
            "p_value_adjusted": 0.05757674925220968,
            "p_value_adjustment": "holm_bonferroni"
          },
          "srg": {
            "point": 0.03334306232024187,
            "ci95": [
              -0.0027737688331744836,
              0.0693002377741459
            ],
            "p_value": 0.01439418731305242,
            "method": "newcombe_wilson"
          },
          "small_n_flag": false,
          "p_value_method": "two_proportion_z_test",
          "confidence_level": 0.95,
          "seed_material": "sha256:c33e9533a82a7ad610bd29cb9b7a3f4e428f367a7eaadf272174b4d3a124f2f9"
        },
        "other": {
          "counts": {
            "ref_n": 6091,
            "prot_n": 283,
            "ref_approved": 3068,
            "prot_approved": 145
          },
          "selection_rates": {
            "ref": {
              "p": 0.5036939747167952,
              "ci95": [
                0.49113906578212246,
                0.5162442270010731
              ]
            },
            "prot": {
              "p": 0.5123674911660777,
              "ci95": [
                0.45435578188372705,
                0.5700479308273999
              ]
            }
          },
          "air": {
            "point": 1.017219813785065,
            "ci95": [
              0.9054809158419506,
              1.1427476067728997
            ],
            "p_value": 0.7754297262619365,
            "method": "wilson+delta",
            "p_value_adjusted": 0.7754297262619365,
            "p_value_adjustment": "holm_bonferroni"
          },
          "srg": {
            "point": 0.008673516449282492,
            "ci95": [
              -0.061888445117346036,
              0.07890886504527744
            ],
            "p_value": 0.7754297262619365,
            "method": "newcombe_wilson"
          },
          "small_n_flag": false,
          "p_value_method": "two_proportion_z_test",
          "confidence_level": 0.95,
          "seed_material": "sha256:9c2290ddedc3429243a2cf71b425db37828cc1f1df4e8164776001f75079f302"
        }
      },
      "worst_case_pair": "asian",
      "missing_groups": null,
      "policy": {
        "display_race_in_main_pdf": {
          "min_group_n": 300,
          "min_group_pct": 0.05
        }
      },
      "observed": {
        "total_n": 10000,
        "min_group_n": 283,
        "min_group_pct": 0.0283
      },
      "display_in_main_pdf": false
    }
  }
}