{
  "schema_version": "fairness_uncertainty.v1",
  "primary_ratio_metric": "air",
  "fairness_uncertainty": {
    "gender": {
      "reference_group": "male",
      "protected_group": "female",
      "counts": {
        "ref_n": 5177,
        "prot_n": 4823,
        "ref_approved": 2965,
        "prot_approved": 2127
      },
      "selection_rates": {
        "ref": {
          "p": 0.5727255167085185,
          "ci95": [
            0.559201015493909,
            0.5861421658147031
          ]
        },
        "prot": {
          "p": 0.44101181837030895,
          "ci95": [
            0.4270514988171082,
            0.45506603327675627
          ]
        }
      },
      "air": {
        "point": 0.7700229961899121,
        "ci95": [
          0.7401729459739611,
          0.8010768535738247
        ],
        "p_value": 0.0,
        "p_value_adjusted": 0.0,
        "p_value_adjustment": "none",
        "method": "wilson+delta"
      },
      "srg": {
        "point": -0.1317136983382095,
        "ci95": [
          -0.15909066699759494,
          -0.10413498221715273
        ],
        "p_value": 0.0,
        "p_value_adjusted": 0.0,
        "p_value_adjustment": "none",
        "method": "newcombe_wilson"
      },
      "small_n_flag": false,
      "p_value_method": "two_proportion_z_test",
      "confidence_level": 0.95,
      "seed_material": "sha256:e0c3f0d57853391b894ee94f6edf06e0a0e19590add884495493c6926ad523e8"
    },
    "race": {
      "reference_group": "white",
      "pairs": {
        "black": {
          "counts": {
            "ref_n": 6090,
            "prot_n": 1304,
            "ref_approved": 3067,
            "prot_approved": 679
          },
          "selection_rates": {
            "ref": {
              "p": 0.5036124794745485,
              "ci95": [
                0.4910565766940705,
                0.5161638275908063
              ]
            },
            "prot": {
              "p": 0.5207055214723927,
              "ci95": [
                0.49356917621938473,
                0.547720227635027
              ]
            }
          },
          "air": {
            "point": 1.0339408626562998,
            "ci95": [
              0.9759366448948777,
              1.0953925268228897
            ],
            "p_value": 0.26251903453100534,
            "p_value_adjusted": 0.5250380690620107,
            "p_value_adjustment": "holm_bonferroni",
            "method": "wilson+delta"
          },
          "srg": {
            "point": 0.017093041997844227,
            "ci95": [
              -0.022594651371421526,
              0.056663650940956545
            ],
            "p_value": 0.26251903453100534,
            "p_value_adjusted": 0.26251903453100534,
            "p_value_adjustment": "none",
            "method": "newcombe_wilson"
          },
          "small_n_flag": false,
          "p_value_method": "two_proportion_z_test",
          "confidence_level": 0.95,
          "seed_material": "sha256:48b7ebbcada3e3412c49ee29685f14d0bf05b2d22da9164cb3841cf434d0e9b2"
        },
        "asian": {
          "counts": {
            "ref_n": 6090,
            "prot_n": 596,
            "ref_approved": 3067,
            "prot_approved": 275
          },
          "selection_rates": {
            "ref": {
              "p": 0.5036124794745485,
              "ci95": [
                0.4910565766940705,
                0.5161638275908063
              ]
            },
            "prot": {
              "p": 0.46140939597315433,
              "ci95": [
                0.4217615211846472,
                0.5015515668039151
              ]
            }
          },
          "air": {
            "point": 0.9161992896891131,
            "ci95": [
              0.8371328191346906,
              1.0027335199861236
            ],
            "p_value": 0.04922581514537683,
            "p_value_adjusted": 0.14767744543613048,
            "p_value_adjustment": "holm_bonferroni",
            "method": "wilson+delta"
          },
          "srg": {
            "point": -0.04220308350139412,
            "ci95": [
              -0.09440230640615904,
              0.010494990109844615
            ],
            "p_value": 0.04922581514537683,
            "p_value_adjusted": 0.04922581514537683,
            "p_value_adjustment": "none",
            "method": "newcombe_wilson"
          },
          "small_n_flag": false,
          "p_value_method": "two_proportion_z_test",
          "confidence_level": 0.95,
          "seed_material": "sha256:4f50f94dfd9a35239b5ec4a93ceef0585105c908303844080092d9466c6784a6"
        },
        "hispanic": {
          "counts": {
            "ref_n": 6090,
            "prot_n": 1727,
            "ref_approved": 3067,
            "prot_approved": 926
          },
          "selection_rates": {
            "ref": {
              "p": 0.5036124794745485,
              "ci95": [
                0.4910565766940705,
                0.5161638275908063
              ]
            },
            "prot": {
              "p": 0.5361899247249565,
              "ci95": [
                0.5126154716004707,
                0.5596037308961644
              ]
            }
          },
          "air": {
            "point": 1.0646875257825188,
            "ci95": [
              1.0123002469086486,
              1.11978588469039
            ],
            "p_value": 0.01682682378717759,
            "p_value_adjusted": 0.06730729514871037,
            "p_value_adjustment": "holm_bonferroni",
            "method": "wilson+delta"
          },
          "srg": {
            "point": 0.032577445250408066,
            "ci95": [
              -0.003548355990335539,
              0.06854715420209395
            ],
            "p_value": 0.01682682378717759,
            "p_value_adjusted": 0.01682682378717759,
            "p_value_adjustment": "none",
            "method": "newcombe_wilson"
          },
          "small_n_flag": false,
          "p_value_method": "two_proportion_z_test",
          "confidence_level": 0.95,
          "seed_material": "sha256:d9de2b2d1a0e1293997671eb1801f1046d30bd2ecb1530ab7e97d626cc9762c5"
        },
        "other": {
          "counts": {
            "ref_n": 6090,
            "prot_n": 283,
            "ref_approved": 3067,
            "prot_approved": 145
          },
          "selection_rates": {
            "ref": {
              "p": 0.5036124794745485,
              "ci95": [
                0.4910565766940705,
                0.5161638275908063
              ]
            },
            "prot": {
              "p": 0.5123674911660777,
              "ci95": [
                0.45435578188372705,
                0.5700479308273999
              ]
            }
          },
          "air": {
            "point": 1.0173844216502814,
            "ci95": [
              0.9056262562981523,
              1.1429340240726293
            ],
            "p_value": 0.7733781837008311,
            "p_value_adjusted": 0.7733781837008311,
            "p_value_adjustment": "holm_bonferroni",
            "method": "wilson+delta"
          },
          "srg": {
            "point": 0.008755011691529258,
            "ci95": [
              -0.06180804570707921,
              0.07899135413332942
            ],
            "p_value": 0.7733781837008311,
            "p_value_adjusted": 0.7733781837008311,
            "p_value_adjustment": "none",
            "method": "newcombe_wilson"
          },
          "small_n_flag": false,
          "p_value_method": "two_proportion_z_test",
          "confidence_level": 0.95,
          "seed_material": "sha256:50035574dd9dda84d5751cf3a885668bb5319dff9786a77410b9b2aa7b242172"
        }
      },
      "worst_case_pair": "asian",
      "missing_groups": null,
      "policy": {
        "display_race_in_main_pdf": {
          "min_group_n": 300,
          "min_group_pct": 0.05
        }
      },
      "observed": {
        "total_n": 10000,