{
  "schema_version": "fairness_uncertainty.v1",
  "primary_ratio_metric": "air",
  "fairness_uncertainty": {
    "gender": {
      "reference_group": "male",
      "protected_group": "female",
      "counts": {
        "ref_n": 4835,
        "prot_n": 5165,
        "ref_approved": 2791,
        "prot_approved": 2261
      },
      "selection_rates": {
        "ref": {
          "p": 0.5772492244053774,
          "ci95": [
            0.563268721362533,
            0.5911070697358984
          ]
        },
        "prot": {
          "p": 0.4377541142303969,
          "ci95": [
            0.424275283732003,
            0.4513254698294913
          ]
        }
      },
      "air": {
        "point": 0.7583450886076565,
        "ci95": [
          0.7291885749486129,
          0.7886674218063299
        ],
        "p_value": 3.486614549406748e-44,
        "p_value_adjusted": 3.486614549406748e-44,
        "p_value_adjustment": "none",
        "method": "wilson+delta"
      },
      "srg": {
        "point": -0.1394951101749805,
        "ci95": [
          -0.16683178600389542,
          -0.11194325153304174
        ],
        "p_value": 3.486614549406748e-44,
        "p_value_adjusted": 3.486614549406748e-44,
        "p_value_adjustment": "none",
        "method": "newcombe_wilson"
      },
      "small_n_flag": false,
      "p_value_method": "two_proportion_z_test",
      "confidence_level": 0.95,
      "seed_material": "sha256:483c980615efb8709a0d8087b28f24ad1f35f4ef9e5d2dd619b98146592353f2"
    },
    "race": {
      "reference_group": "white",
      "pairs": {
        "black": {
          "counts": {
            "ref_n": 7875,
            "prot_n": 523,
            "ref_approved": 3980,
            "prot_approved": 282
          },
          "selection_rates": {
            "ref": {
              "p": 0.5053968253968254,
              "ci95": [
                0.4943541805104429,
                0.5164342074678102
              ]
            },
            "prot": {
              "p": 0.5391969407265774,
              "ci95": [
                0.49634567724461615,
                0.5814765752122893
              ]
            }
          },
          "air": {
            "point": 1.066878368899949,
            "ci95": [
              0.9827023451755507,
              1.1582647173018412
            ],
            "p_value": 0.13433634992902535,
            "p_value_adjusted": 0.5373453997161014,
            "p_value_adjustment": "holm_bonferroni",
            "method": "wilson+delta"
          },
          "srg": {
            "point": 0.03380011532975202,
            "ci95": [
              -0.020088530223194068,
              0.08712239470184646
            ],
            "p_value": 0.13433634992902535,
            "p_value_adjusted": 0.13433634992902535,
            "p_value_adjustment": "none",
            "method": "newcombe_wilson"
          },
          "small_n_flag": false,
          "p_value_method": "two_proportion_z_test",
          "confidence_level": 0.95,
          "seed_material": "sha256:0626c796822afa952b9e58abec6c72e1f66ff538969749e503d2f54685754e21"
        },
        "asian": {
          "counts": {
            "ref_n": 7875,
            "prot_n": 826,
            "ref_approved": 3980,
            "prot_approved": 415
          },
          "selection_rates": {
            "ref": {
              "p": 0.5053968253968254,
              "ci95": [
                0.4943541805104429,
                0.5164342074678102
              ]
            },
            "prot": {
              "p": 0.5024213075060533,
              "ci95": [
                0.46839095260845054,
                0.5364292444026417
              ]
            }
          },
          "air": {
            "point": 0.9941125117110979,
            "ci95": [
              0.9257031095169311,
              1.0675773644708413
            ],
            "p_value": 0.8707374042641339,
            "p_value_adjusted": 1.0,
            "p_value_adjustment": "holm_bonferroni",
            "method": "wilson+delta"
          },
          "srg": {
            "point": -0.002975517890772106,
            "ci95": [
              -0.048043254859359674,
              0.04207506389219884
            ],
            "p_value": 0.8707374042641339,
            "p_value_adjusted": 0.8707374042641339,
            "p_value_adjustment": "none",
            "method": "newcombe_wilson"
          },
          "small_n_flag": false,
          "p_value_method": "two_proportion_z_test",
          "confidence_level": 0.95,
          "seed_material": "sha256:151557077275fb403be816ec4b0c2139e007f5582c435daceaa8657604b3998a"
        },
        "hispanic": {
          "counts": {
            "ref_n": 7875,
            "prot_n": 274,
            "ref_approved": 3980,
            "prot_approved": 136
          },
          "selection_rates": {
            "ref": {
              "p": 0.5053968253968254,
              "ci95": [
                0.4943541805104429,
                0.5164342074678102
              ]
            },
            "prot": {
              "p": 0.49635036496350365,
              "ci95": [
                0.43760912532363677,
                0.555192528568365
              ]
            }
          },
          "air": {
            "point": 0.9821002824340681,
            "ci95": [
              0.8699497911312666,
              1.1087087721497482
            ],
            "p_value": 0.7684306112644714,
            "p_value_adjusted": 1.0,
            "p_value_adjustment": "holm_bonferroni",
            "method": "wilson+delta"
          },
          "srg": {
            "point": -0.009046460433321746,
            "ci95": [
              -0.07882508214417344,
              0.0608383480579221
            ],
            "p_value": 0.7684306112644714,
            "p_value_adjusted": 0.7684306112644714,
            "p_value_adjustment": "none",
            "method": "newcombe_wilson"
          },
          "small_n_flag": false,
          "p_value_method": "two_proportion_z_test",
          "confidence_level": 0.95,
          "seed_material": "sha256:69b6b4ed02641fed11ec273f125465cd59d84b50ac43e4f3bb721558c3f08d39"
        },
        "other": {
          "counts": {
            "ref_n": 7875,
            "prot_n": 502,
            "ref_approved": 3980,
            "prot_approved": 239
          },
          "selection_rates": {
            "ref": {
              "p": 0.5053968253968254,
              "ci95": [
                0.4943541805104429,
                0.5164342074678102
              ]
            },
            "prot": {
              "p": 0.4760956175298805,
              "ci95": [
                0.43275347097587435,
                0.5198008464230901
              ]
            }
          },
          "air": {
            "point": 0.9420233638311077,
            "ci95": [
              0.8572247965145449,
              1.0352103924336475
            ],
            "p_value": 0.2029852657010438,
            "p_value_adjusted": 0.6089557971031314,
            "p_value_adjustment": "holm_bonferroni",
            "method": "wilson+delta"
          },
          "srg": {
            "point": -0.0293012078669449,
            "ci95": [
              -0.08368073649193586,
              0.025446665912647215
            ],
            "p_value": 0.2029852657010438,
            "p_value_adjusted": 0.2029852657010438,
            "p_value_adjustment": "none",
            "method": "newcombe_wilson"
          },
          "small_n_flag": false,
          "p_value_method": "two_proportion_z_test",
          "confidence_level": 0.95,
          "seed_material": "sha256:b2b1fd67c91ba4063919204f959493a7da7f99d51ecccfd3176bedc0e6b7cd1a"
        }
      },
      "worst_case_pair": "other",
      "missing_groups": null,
      "policy": {
        "display_race_in_main_pdf": {
          "min_group_n": 300,
          "min_group_pct": 0.05
        }
      },