{
  "schema_version": "fairness_uncertainty.v1",
  "primary_ratio_metric": "air",
  "fairness_uncertainty": {
    "gender": {
      "reference_group": "male",
      "protected_group": "female",
      "counts": {
        "ref_n": 5176,
        "prot_n": 4824,
        "ref_approved": 2964,
        "prot_approved": 2130
      },
      "selection_rates": {
        "ref": {
          "p": 0.5726429675425039,
          "ci95": [
            0.5591168868327379,
            0.586061297766575
          ]
        },
        "prot": {
          "p": 0.44154228855721395,
          "ci95": [
            0.42758121968128804,
            0.45559638912841277
          ]
        }
      },
      "air": {
        "point": 0.771060352757132,
        "ci95": [
          0.7411896379568964,
          0.8021348884919621
        ],
        "p_value": 3.112858768046164e-39,
        "p_value_adjusted": 3.112858768046164e-39,
        "p_value_adjustment": "none",
        "method": "wilson+delta"
      },
      "srg": {
        "point": -0.13110067898528993,
        "ci95": [
          -0.15848007808528697,
          -0.10352049770432509
        ],
        "p_value": 3.112858768046164e-39,
        "p_value_adjusted": 3.112858768046164e-39,
        "p_value_adjustment": "none",
        "method": "newcombe_wilson"
      },
      "small_n_flag": false,
      "p_value_method": "two_proportion_z_test",
      "confidence_level": 0.95,
      "seed_material": "sha256:a8c96f4c755bab32d37289187858dcd5c1a15428fe9d2617667f410538498a64"
    },
    "race": {
      "reference_group": "white",
      "pairs": {
        "black": {
          "counts": {
            "ref_n": 6091,
            "prot_n": 1302,
            "ref_approved": 3068,
            "prot_approved": 679
          },
          "selection_rates": {
            "ref": {
              "p": 0.5036939747167952,
              "ci95": [
                0.49113906578212246,
                0.5162442270010731
              ]
            },
            "prot": {
              "p": 0.521505376344086,
              "ci95": [
                0.4943476860354708,
                0.5485365351441883
              ]
            }
          },
          "air": {
            "point": 1.0353615538826038,
            "ci95": [
              0.9773185283525285,
              1.0968517593391296
            ],
            "p_value": 0.24327851233892667,
            "p_value_adjusted": 0.48655702467785333,
            "p_value_adjustment": "holm_bonferroni",
            "method": "wilson+delta"
          },
          "srg": {
            "point": 0.01781140162729078,
            "ci95": [
              -0.021896540965602285,
              0.057397469362065856
            ],
            "p_value": 0.24327851233892667,
            "p_value_adjusted": 0.24327851233892667,
            "p_value_adjustment": "none",
            "method": "newcombe_wilson"
          },
          "small_n_flag": false,
          "p_value_method": "two_proportion_z_test",
          "confidence_level": 0.95,
          "seed_material": "sha256:9aea3781e68b4155476056488bb178aed3b3c437f9c4a542a2f4747d9a33b411"
        },
        "asian": {
          "counts": {
            "ref_n": 6091,
            "prot_n": 596,
            "ref_approved": 3068,
            "prot_approved": 275
          },
          "selection_rates": {
            "ref": {
              "p": 0.5036939747167952,
              "ci95": [
                0.49113906578212246,
                0.5162442270010731
              ]
            },
            "prot": {
              "p": 0.46140939597315433,
              "ci95": [
                0.4217615211846472,
                0.5015515668039151
              ]
            }
          },
          "air": {
            "point": 0.9160510530875109,
            "ci95": [
              0.836998787985817,
              1.0025695901927125
            ],
            "p_value": 0.04878767322464978,
            "p_value_adjusted": 0.14636301967394935,
            "p_value_adjustment": "holm_bonferroni",
            "method": "wilson+delta"
          },
          "srg": {
            "point": -0.04228457874364089,
            "ci95": [
              -0.09448270581642587,
              0.010412501021792642
            ],
            "p_value": 0.04878767322464978,
            "p_value_adjusted": 0.04878767322464978,
            "p_value_adjustment": "none",
            "method": "newcombe_wilson"
          },
          "small_n_flag": false,
          "p_value_method": "two_proportion_z_test",
          "confidence_level": 0.95,
          "seed_material": "sha256:44240f3569ba7c17b51f130abe8d3ac56f73ee178fcd1cf8e3ba331f10a1c2ad"
        },
        "hispanic": {
          "counts": {
            "ref_n": 6091,
            "prot_n": 1728,
            "ref_approved": 3068,
            "prot_approved": 927
          },
          "selection_rates": {
            "ref": {
              "p": 0.5036939747167952,
              "ci95": [
                0.49113906578212246,
                0.5162442270010731
              ]
            },
            "prot": {
              "p": 0.5364583333333334,
              "ci95": [
                0.5128910340175689,
                0.559863887679658
              ]
            }
          },
          "air": {
            "point": 1.0650481448283358,
            "ci95": [
              1.0126781821708115,
              1.1201263844459415
            ],
            "p_value": 0.01618201766670092,
            "p_value_adjusted": 0.06472807066680368,
            "p_value_adjustment": "holm_bonferroni",
            "method": "wilson+delta"
          },
          "srg": {
            "point": 0.03276435861653815,
            "ci95": [
              -0.0033531929835042273,
              0.06872482189753554
            ],
            "p_value": 0.01618201766670092,
            "p_value_adjusted": 0.01618201766670092,
            "p_value_adjustment": "none",
            "method": "newcombe_wilson"
          },
          "small_n_flag": false,
          "p_value_method": "two_proportion_z_test",
          "confidence_level": 0.95,
          "seed_material": "sha256:7c8a57242030a6600b7d99482be8dc7cc468e6baaec068d85c45d8a9c1bd36e3"
        },
        "other": {
          "counts": {
            "ref_n": 6091,
            "prot_n": 283,
            "ref_approved": 3068,
            "prot_approved": 145
          },
          "selection_rates": {
            "ref": {
              "p": 0.5036939747167952,
              "ci95": [
                0.49113906578212246,
                0.5162442270010731
              ]
            },
            "prot": {
              "p": 0.5123674911660777,
              "ci95": [
                0.45435578188372705,
                0.5700479308273999
              ]
            }
          },
          "air": {
            "point": 1.017219813785065,
            "ci95": [
              0.9054809158419506,
              1.1427476067728997
            ],
            "p_value": 0.7754297262619365,
            "p_value_adjusted": 0.7754297262619365,
            "p_value_adjustment": "holm_bonferroni",
            "method": "wilson+delta"
          },
          "srg": {
            "point": 0.008673516449282492,
            "ci95": [
              -0.061888445117346036,
              0.07890886504527744
            ],
            "p_value": 0.7754297262619365,
            "p_value_adjusted": 0.7754297262619365,
            "p_value_adjustment": "none",
            "method": "newcombe_wilson"
          },
          "small_n_flag": false,
          "p_value_method": "two_proportion_z_test",
          "confidence_level": 0.95,
          "seed_material": "sha256:0044317e3b7145f6f27949a6b299784ec6b9c58cb1200f83e02db6f55520c84a"
        }
      },
      "worst_case_pair": "asian",
      "missing_groups": null,
      "policy": {
        "display_race_in_main_pdf": {
          "min_group_n": 300,