{
  "bias_analysis": {
    "bias_amplification_detected": false,
    "bias_preservation_score": 1.0,
    "bias_reduction_detected": false,
    "conditional_parity_real": {},
    "conditional_parity_synthetic": {},
    "demographic_parity_difference": {},
    "demographic_parity_real": {},
    "demographic_parity_synthetic": {}
  },
  "branch_mode": "intrinsic",
  "certificate_hash": "402bbea06b392794585d3cd0420e08fb1983992b9a00df4d60c0a9774b039561",
  "certificate_id": "4082d367-8a6f-40f6-a68b-d9f04959177c",
  "certificate_type": "synthetic_quality_certificate",
  "certificate_version": "1.1",
  "correlation_analysis": {
    "broken_correlations": [
      {
        "column1": "age",
        "column2": "credit_score",
        "difference": 0.34989022856092594,
        "real_correlation": 0.015621396725036216,
        "synthetic_correlation": 0.36551162528596215
      },
      {
        "column1": "income",
        "column2": "credit_score",
        "difference": 0.36520119965589687,
        "real_correlation": 0.28415820143258697,
        "synthetic_correlation": -0.08104299822330989
      },
      {
        "column1": "credit_score",
        "column2": "loan_amount",
        "difference": 0.30464483635603085,
        "real_correlation": 0.2448384848367677,
        "synthetic_correlation": -0.05980635151926314
      },
      {
        "column1": "credit_score",
        "column2": "debt_to_income",
        "difference": 0.3079702486330402,
        "real_correlation": 0.009322291433324767,
        "synthetic_correlation": -0.29864795719971543
      }
    ],
    "correlation_differences": {
      "age": {
        "age": 0.0,
        "credit_score": 0.34989022856092594,
        "debt_to_income": 0.10763863584435626,
        "income": 0.1728694422073209,
        "loan_amount": 0.15142998507483066
      },
      "credit_score": {
        "age": 0.34989022856092594,
        "credit_score": 0.0,
        "debt_to_income": 0.3079702486330402,
        "income": 0.36520119965589687,
        "loan_amount": 0.30464483635603085
      },
      "debt_to_income": {
        "age": 0.10763863584435626,
        "credit_score": 0.3079702486330402,
        "debt_to_income": 0.0,
        "income": 0.04570025932314878,
        "loan_amount": 0.02039315092365368
      },
      "income": {
        "age": 0.1728694422073209,
        "credit_score": 0.36520119965589687,
        "debt_to_income": 0.04570025932314878,
        "income": 0.0,
        "loan_amount": 0.17980798000103548
      },
      "loan_amount": {
        "age": 0.15142998507483066,
        "credit_score": 0.30464483635603085,
        "debt_to_income": 0.02039315092365368,
        "income": 0.17980798000103548,
        "loan_amount": 0.0
      }
    },
    "correlation_nonfinite_policy": "nonfinite_to_null",
    "correlation_preservation_score": 0.799445403341976,
    "correlation_scored_pair_count": 10,
    "correlation_total_pair_count": 10,
    "max_correlation_difference": 0.36520119965589687,
    "mean_correlation_difference": 0.20055459665802394,
    "real_correlation_matrix": {
      "age": {
        "age": 1.0,
        "credit_score": 0.015621396725036216,
        "debt_to_income": 0.010269970255047091,
        "income": -0.012439136279730862,
        "loan_amount": -0.030137609313218912
      },
      "credit_score": {
        "age": 0.015621396725036216,
        "credit_score": 1.0,
        "debt_to_income": 0.009322291433324767,
        "income": 0.28415820143258697,
        "loan_amount": 0.2448384848367677
      },
      "debt_to_income": {
        "age": 0.010269970255047091,
        "credit_score": 0.009322291433324767,
        "debt_to_income": 1.0,
        "income": -0.013333375801136785,
        "loan_amount": -0.005727320974461774
      },
      "income": {
        "age": -0.012439136279730862,
        "credit_score": 0.28415820143258697,
        "debt_to_income": -0.013333375801136785,
        "income": 1.0,
        "loan_amount": 0.8808936584289794
      },
      "loan_amount": {
        "age": -0.030137609313218912,
        "credit_score": 0.2448384848367677,
        "debt_to_income": -0.005727320974461774,
        "income": 0.8808936584289794,
        "loan_amount": 1.0
      }
    },
    "synthetic_correlation_matrix": {
      "age": {
        "age": 1.0,
        "credit_score": 0.36551162528596215,
        "debt_to_income": -0.09736866558930916,
        "income": 0.16043030592759003,
        "loan_amount": 0.12129237576161175
      },
      "credit_score": {
        "age": 0.36551162528596215,
        "credit_score": 1.0,
        "debt_to_income": -0.29864795719971543,
        "income": -0.08104299822330989,
        "loan_amount": -0.05980635151926314
      },
      "debt_to_income": {
        "age": -0.09736866558930916,
        "credit_score": -0.29864795719971543,
        "debt_to_income": 1.0,
        "income": 0.032366883522011995,
        "loan_amount": 0.014665829949191906
      },
      "income": {
        "age": 0.16043030592759003,
        "credit_score": -0.08104299822330989,
        "debt_to_income": 0.032366883522011995,
        "income": 1.0,
        "loan_amount": 0.7010856784279439
      },
      "loan_amount": {
        "age": 0.12129237576161175,
        "credit_score": -0.05980635151926314,
        "debt_to_income": 0.014665829949191906,
        "income": 0.7010856784279439,
        "loan_amount": 1.0
      }
    },
    "undefined_correlation_columns_real": [],
    "undefined_correlation_columns_synthetic": [],
    "undefined_correlation_pair_both_count": 0,
    "undefined_correlation_pair_count": 0,
    "undefined_correlation_pair_mismatch_count": 0
  },
  "critical_issues": [],
  "demographic_alignment": {
    "attributes": {
      "gender": {
        "abs_pp_drift": {
          "female": 3.10333333333333,
          "male": 3.1033333333333357
        },
        "max_abs_pp_drift": 3.1033333333333357,
        "missing_in_synthetic": [],
        "real_group_proportions": {
          "female": 0.5163333333333333,
          "male": 0.4836666666666667
        },
        "synthetic_group_proportions": {
          "female": 0.4853,
          "male": 0.5147
        },
        "unexpected_in_synthetic": [],
        "within_threshold": true
      },
      "race": {
        "abs_pp_drift": {
          "asian": 2.513333333333334,
          "black": 11.996666666666666,
          "hispanic": 4.706666666666666,
          "other": 8.086666666666668,
          "white": 27.303333333333335
        },
        "max_abs_pp_drift": 27.303333333333335,
        "missing_in_synthetic": [],
        "real_group_proportions": {
          "asian": 0.08266666666666667,
          "black": 0.052333333333333336,
          "hispanic": 0.027333333333333334,
          "other": 0.050333333333333334,
          "white": 0.7873333333333333
        },
        "synthetic_group_proportions": {
          "asian": 0.1078,
          "black": 0.1723,
          "hispanic": 0.0744,
          "other": 0.1312,
          "white": 0.5143
        },
        "unexpected_in_synthetic": [],
        "within_threshold": false
      }
    },
    "max_abs_pp_drift": 27.303333333333335,
    "threshold_pp": 5.0,
    "within_threshold": false
  },
  "excluded_quality_columns": [],
  "gate_utility_divergence_explanation": "The hard synthetic quality gate failed; advisory utility AUC was not evaluated; output reliance requires downstream review and cannot be inferred from quality_ok alone.",
  "issued_at": "2026-07-01T06:50:41.517940+00:00",
  "issued_by": "FL-BSA Synthetic Quality Validation System",
  "label_column": null,
  "overall_quality_score": 0.8411525660149455,
  "p2_label_policy": null,
  "pipeline_id": "870e0d98-b650-4e2f-9c14-7a35fd2f3687",
  "previous_certificate_hash": "7e4f9730ade7807a291a58d2bd1069fc2592bcf14cba84e9170533ff0128416b",
  "privacy_metrics": {
    "differential_privacy_claimed": false,
    "duplicate_count": 0,
    "exact_duplicate_claim_scope": "exact_training_row_reproduction_only",