{
  "bias_analysis": {
    "bias_amplification_detected": false,
    "bias_preservation_score": 0.9979724039771616,
    "bias_reduction_detected": false,
    "conditional_parity_real": {},
    "conditional_parity_synthetic": {},
    "demographic_parity_difference": {
      "gender": 0.00019609419133659323,
      "race": 0.001831501831501825
    },
    "demographic_parity_real": {
      "gender": {
        "female": 0.43834732085216266,
        "male": 0.5775327360441075
      },
      "race": {
        "asian": 0.5040322580645161,
        "black": 0.5414012738853503,
        "hispanic": 0.5,
        "other": 0.4768211920529801,
        "white": 0.5055038103302286
      }
    },
    "demographic_parity_synthetic": {
      "gender": {
        "female": 0.4382261812548412,
        "male": 0.5773366418527709
      },
      "race": {
        "asian": 0.5024213075060533,
        "black": 0.5411089866156787,
        "hispanic": 0.4981684981684982,
        "other": 0.4760956175298805,
        "white": 0.505586592178771
      }
    }
  },
  "branch_mode": "amplification",
  "certificate_hash": "2c18d244d7392ff7ec704c723907fcc260f91631e809dc974d344aebdf8a6522",
  "certificate_id": "9b086e52-e185-4584-925b-2550e61b0e8b",
  "certificate_type": "synthetic_quality_certificate",
  "certificate_version": "1.1",
  "correlation_analysis": {
    "broken_correlations": [],
    "correlation_differences": {
      "age": {
        "age": 0.0,
        "credit_score": 0.04507446107382163,
        "debt_to_income": 0.06078008534831835,
        "income": 0.01822880806977481,
        "loan_amount": 0.012125151962057202,
        "loan_approved": 6.77025252124562e-05
      },
      "credit_score": {
        "age": 0.04507446107382163,
        "credit_score": 0.0,
        "debt_to_income": 0.07743831004326657,
        "income": 0.10479728595770271,
        "loan_amount": 0.09176393862158758,
        "loan_approved": 0.0005448564775251685
      },
      "debt_to_income": {
        "age": 0.06078008534831835,
        "credit_score": 0.07743831004326657,
        "debt_to_income": 0.0,
        "income": 0.1051514328470871,
        "loan_amount": 0.09668381322038282,
        "loan_approved": 0.0002020077647599261
      },
      "income": {
        "age": 0.01822880806977481,
        "credit_score": 0.10479728595770271,
        "debt_to_income": 0.1051514328470871,
        "income": 0.0,
        "loan_amount": 0.0005832861033102654,
        "loan_approved": 0.0012628678245250602
      },
      "loan_amount": {
        "age": 0.012125151962057202,
        "credit_score": 0.09176393862158758,
        "debt_to_income": 0.09668381322038282,
        "income": 0.0005832861033102654,
        "loan_amount": 0.0,
        "loan_approved": 0.022327746257877257
      },
      "loan_approved": {
        "age": 6.77025252124562e-05,
        "credit_score": 0.0005448564775251685,
        "debt_to_income": 0.0002020077647599261,
        "income": 0.0012628678245250602,
        "loan_amount": 0.022327746257877257,
        "loan_approved": 0.0
      }
    },
    "correlation_nonfinite_policy": "nonfinite_to_null",
    "correlation_preservation_score": 0.9575312163935195,
    "correlation_scored_pair_count": 15,
    "correlation_total_pair_count": 15,
    "max_correlation_difference": 0.1051514328470871,
    "mean_correlation_difference": 0.042468783606480584,
    "real_correlation_matrix": {
      "age": {
        "age": 1.0,
        "credit_score": 0.015621396725036216,
        "debt_to_income": 0.010269970255047091,
        "income": -0.012439136279730862,
        "loan_amount": -0.030137609313218912,
        "loan_approved": -0.007064723980911284
      },
      "credit_score": {
        "age": 0.015621396725036216,
        "credit_score": 1.0,
        "debt_to_income": 0.009322291433324767,
        "income": 0.28415820143258697,
        "loan_amount": 0.2448384848367677,
        "loan_approved": 0.20649239552832796
      },
      "debt_to_income": {
        "age": 0.010269970255047091,
        "credit_score": 0.009322291433324767,
        "debt_to_income": 1.0,
        "income": -0.013333375801136785,
        "loan_amount": -0.005727320974461774,
        "loan_approved": -0.08624625535508865
      },
      "income": {
        "age": -0.012439136279730862,
        "credit_score": 0.28415820143258697,
        "debt_to_income": -0.013333375801136785,
        "income": 1.0,
        "loan_amount": 0.8808936584289794,
        "loan_approved": 0.24257910934560553
      },
      "loan_amount": {
        "age": -0.030137609313218912,
        "credit_score": 0.2448384848367677,
        "debt_to_income": -0.005727320974461774,
        "income": 0.8808936584289794,
        "loan_amount": 1.0,
        "loan_approved": 0.22206711436454415
      },
      "loan_approved": {
        "age": -0.007064723980911284,
        "credit_score": 0.20649239552832796,
        "debt_to_income": -0.08624625535508865,
        "income": 0.24257910934560553,
        "loan_amount": 0.22206711436454415,
        "loan_approved": 1.0
      }
    },
    "synthetic_correlation_matrix": {
      "age": {
        "age": 1.0,
        "credit_score": -0.029453064348785418,
        "debt_to_income": 0.07105005560336544,
        "income": -0.030667944349505673,
        "loan_amount": -0.01801245735116171,
        "loan_approved": -0.006997021455698828
      },
      "credit_score": {
        "age": -0.029453064348785418,
        "credit_score": 1.0,
        "debt_to_income": -0.0681160186099418,
        "income": 0.17936091547488425,
        "loan_amount": 0.15307454621518013,
        "loan_approved": 0.20703725200585313
      },
      "debt_to_income": {
        "age": 0.07105005560336544,
        "credit_score": -0.0681160186099418,
        "debt_to_income": 1.0,
        "income": -0.11848480864822389,
        "loan_amount": -0.10241113419484459,
        "loan_approved": -0.08644826311984857
      },
      "income": {
        "age": -0.030667944349505673,
        "credit_score": 0.17936091547488425,
        "debt_to_income": -0.11848480864822389,
        "income": 1.0,
        "loan_amount": 0.8803103723256691,
        "loan_approved": 0.2438419771701306
      },
      "loan_amount": {
        "age": -0.01801245735116171,
        "credit_score": 0.15307454621518013,
        "debt_to_income": -0.10241113419484459,
        "income": 0.8803103723256691,
        "loan_amount": 1.0,
        "loan_approved": 0.1997393681066669
      },
      "loan_approved": {
        "age": -0.006997021455698828,
        "credit_score": 0.20703725200585313,
        "debt_to_income": -0.08644826311984857,
        "income": 0.2438419771701306,
        "loan_amount": 0.1997393681066669,
        "loan_approved": 1.0
      }
    },
    "undefined_correlation_columns_real": [],
    "undefined_correlation_columns_synthetic": [],
    "undefined_correlation_pair_both_count": 0,
    "undefined_correlation_pair_count": 0,
    "undefined_correlation_pair_mismatch_count": 0
  },
  "critical_issues": [],
  "demographic_alignment": {
    "attributes": {
      "gender": {
        "abs_pp_drift": {
          "female": 0.0066666666666659324,
          "male": 0.0066666666666714836
        },
        "max_abs_pp_drift": 0.0066666666666714836,
        "missing_in_synthetic": [],
        "real_group_proportions": {
          "female": 0.5163333333333333,
          "male": 0.4836666666666667
        },
        "synthetic_group_proportions": {
          "female": 0.5164,
          "male": 0.4836
        },
        "unexpected_in_synthetic": [],
        "within_threshold": true
      },
      "race": {
        "abs_pp_drift": {
          "asian": 0.0066666666666659324,
          "black": 0.00333333333333366,
          "hispanic": 0.003333333333333313,
          "other": 0.013333333333333253,
          "white": 0.02666666666666373
        },
        "max_abs_pp_drift": 0.02666666666666373,
        "missing_in_synthetic": [],