{
  "bias_analysis": {
    "bias_amplification_detected": false,
    "bias_preservation_score": 1.0,
    "bias_reduction_detected": false,
    "conditional_parity_real": {},
    "conditional_parity_synthetic": {},
    "demographic_parity_difference": {},
    "demographic_parity_real": {},
    "demographic_parity_synthetic": {}
  },
  "branch_mode": "intrinsic",
  "certificate_hash": "72aa7d68f3a92de52091a45baba6aeb27bbad2b6e93841cbca72ef50c9ab0dfc",
  "certificate_id": "17735380-cf95-42a1-a376-d2e6ee96042f",
  "certificate_type": "synthetic_quality_certificate",
  "certificate_version": "1.1",
  "correlation_analysis": {
    "broken_correlations": [
      {
        "column1": "age",
        "column2": "credit_score",
        "difference": 0.32904287913623204,
        "real_correlation": 0.015621396725036216,
        "synthetic_correlation": 0.34466427586126824
      }
    ],
    "correlation_differences": {
      "age": {
        "age": 0.0,
        "credit_score": 0.32904287913623204,
        "debt_to_income": 0.013337816920597767,
        "income": 0.23642044409067678,
        "loan_amount": 0.17978266909525342
      },
      "credit_score": {
        "age": 0.32904287913623204,
        "credit_score": 0.0,
        "debt_to_income": 0.002618060494663942,
        "income": 0.03812957644801637,
        "loan_amount": 0.09017082648279118
      },
      "debt_to_income": {
        "age": 0.013337816920597767,
        "credit_score": 0.002618060494663942,
        "debt_to_income": 0.0,
        "income": 0.009129097079160696,
        "loan_amount": 0.019561543944265552
      },
      "income": {
        "age": 0.23642044409067678,
        "credit_score": 0.03812957644801637,
        "debt_to_income": 0.009129097079160696,
        "income": 0.0,
        "loan_amount": 0.179257778839648
      },
      "loan_amount": {
        "age": 0.17978266909525342,
        "credit_score": 0.09017082648279118,
        "debt_to_income": 0.019561543944265552,
        "income": 0.179257778839648,
        "loan_amount": 0.0
      }
    },
    "correlation_nonfinite_policy": "nonfinite_to_null",
    "correlation_preservation_score": 0.8902549307468695,
    "correlation_scored_pair_count": 10,
    "correlation_total_pair_count": 10,
    "max_correlation_difference": 0.32904287913623204,
    "mean_correlation_difference": 0.10974506925313059,
    "real_correlation_matrix": {
      "age": {
        "age": 1.0,
        "credit_score": 0.015621396725036216,
        "debt_to_income": 0.010269970255047091,
        "income": -0.012439136279730862,
        "loan_amount": -0.030137609313218912
      },
      "credit_score": {
        "age": 0.015621396725036216,
        "credit_score": 1.0,
        "debt_to_income": 0.009322291433324767,
        "income": 0.28415820143258697,
        "loan_amount": 0.2448384848367677
      },
      "debt_to_income": {
        "age": 0.010269970255047091,
        "credit_score": 0.009322291433324767,
        "debt_to_income": 1.0,
        "income": -0.013333375801136785,
        "loan_amount": -0.005727320974461774
      },
      "income": {
        "age": -0.012439136279730862,
        "credit_score": 0.28415820143258697,
        "debt_to_income": -0.013333375801136785,
        "income": 1.0,
        "loan_amount": 0.8808936584289794
      },
      "loan_amount": {
        "age": -0.030137609313218912,
        "credit_score": 0.2448384848367677,
        "debt_to_income": -0.005727320974461774,
        "income": 0.8808936584289794,
        "loan_amount": 1.0
      }
    },
    "synthetic_correlation_matrix": {
      "age": {
        "age": 1.0,
        "credit_score": 0.34466427586126824,
        "debt_to_income": 0.023607787175644858,
        "income": 0.2239813078109459,
        "loan_amount": 0.14964505978203452
      },
      "credit_score": {
        "age": 0.34466427586126824,
        "credit_score": 1.0,
        "debt_to_income": 0.006704230938660825,
        "income": 0.2460286249845706,
        "loan_amount": 0.15466765835397653
      },
      "debt_to_income": {
        "age": 0.023607787175644858,
        "credit_score": 0.006704230938660825,
        "debt_to_income": 1.0,
        "income": -0.02246247288029748,
        "loan_amount": -0.025288864918727325
      },
      "income": {
        "age": 0.2239813078109459,
        "credit_score": 0.2460286249845706,
        "debt_to_income": -0.02246247288029748,
        "income": 1.0,
        "loan_amount": 0.7016358795893314
      },
      "loan_amount": {
        "age": 0.14964505978203452,
        "credit_score": 0.15466765835397653,
        "debt_to_income": -0.025288864918727325,
        "income": 0.7016358795893314,
        "loan_amount": 1.0
      }
    },
    "undefined_correlation_columns_real": [],
    "undefined_correlation_columns_synthetic": [],
    "undefined_correlation_pair_both_count": 0,
    "undefined_correlation_pair_count": 0,
    "undefined_correlation_pair_mismatch_count": 0
  },
  "critical_issues": [],
  "demographic_alignment": {
    "attributes": {
      "gender": {
        "abs_pp_drift": {
          "female": 0.01666666666666483,
          "male": 0.016666666666670382
        },
        "max_abs_pp_drift": 0.016666666666670382,
        "missing_in_synthetic": [],
        "real_group_proportions": {
          "female": 0.5163333333333333,
          "male": 0.4836666666666667
        },
        "synthetic_group_proportions": {
          "female": 0.5165,
          "male": 0.4835
        },
        "unexpected_in_synthetic": [],
        "within_threshold": true
      },
      "race": {
        "abs_pp_drift": {
          "asian": 0.0033333333333329662,
          "black": 0.05666666666666667,
          "hispanic": 0.003333333333333313,
          "other": 0.02333333333333354,
          "white": 0.03333333333332966
        },
        "max_abs_pp_drift": 0.05666666666666667,
        "missing_in_synthetic": [],
        "real_group_proportions": {
          "asian": 0.08266666666666667,
          "black": 0.052333333333333336,
          "hispanic": 0.027333333333333334,
          "other": 0.050333333333333334,
          "white": 0.7873333333333333
        },
        "synthetic_group_proportions": {
          "asian": 0.0827,
          "black": 0.0529,
          "hispanic": 0.0273,
          "other": 0.0501,
          "white": 0.787
        },
        "unexpected_in_synthetic": [],
        "within_threshold": true
      }
    },
    "max_abs_pp_drift": 0.05666666666666667,
    "threshold_pp": 5.0,
    "within_threshold": true
  },
  "issued_at": "2026-05-15T14:26:10.953748+00:00",
  "issued_by": "FL-BSA Synthetic Quality Validation System",
  "overall_quality_score": 0.9118199278128921,
  "pipeline_id": "2dd2d51c-4536-4c18-b414-6947eb73c08d",
  "previous_certificate_hash": "829852914071be1e044b7753cf0b4c409d4a6473f8ce90403579bacc1d18c2a2",
  "privacy_metrics": {
    "duplicate_count": 0,
    "mean_nearest_neighbor_distance": 0.5081070061942298,
    "min_nearest_neighbor_distance": 0.11812671816943318,
    "near_duplicate_count": 0,
    "privacy_preservation_score": 0.8329193689342717,
    "unique_combination_overlap": 0.0012418931971850422
  },
  "quality_ok": null,
  "quality_threshold_met": true,
  "quality_threshold_used": 0.8,
  "real_data_columns": 9,
  "real_data_hash": "ebceb84310e0702075e0fd6fc31bacfe6046faef2316fd890a208a3b620ae9b0",
  "real_data_path": "dataset_2dd2d51c-4536-4c18-b414-6947eb73c08d.csv",
  "real_data_rows": 3000,
  "recommendations": [
    "Synthetic data shows excellent quality across all metrics",
    "Review 1 broken correlations"
  ],
  "statistical_comparison": {
    "chi_square_results": {
      "gender": {
        "p_value": 0.9733945783658491,
        "significant": false,
        "statistic": 0.0011122980567261284
      },
      "race": {
        "p_value": 0.9993298732185274,
        "significant": false,
        "statistic": 0.0741277341674809
      }
    },
    "distribution_effect_scores": {
      "age": 0.8658,