{
  "bias_analysis": {
    "bias_amplification_detected": false,
    "bias_preservation_score": 1.0,
    "bias_reduction_detected": false,
    "conditional_parity_real": {},
    "conditional_parity_synthetic": {},
    "demographic_parity_difference": {},
    "demographic_parity_real": {},
    "demographic_parity_synthetic": {}
  },
  "branch_mode": "intrinsic",
  "certificate_hash": "bfa9a35064d0c5991d2aa00259471a64d795719ea589e735650d427cf7840518",
  "certificate_id": "74668efb-c9c2-4b64-a51e-7842a343c1d3",
  "certificate_type": "synthetic_quality_certificate",
  "certificate_version": "1.1",
  "correlation_analysis": {
    "broken_correlations": [],
    "correlation_differences": {
      "age": {
        "age": 0.0,
        "credit_score": 0.018748347837451693,
        "debt_to_income": 0.002982571121778344,
        "income": 0.023324204457901298,
        "loan_amount": 0.029973000635250095
      },
      "credit_score": {
        "age": 0.018748347837451693,
        "credit_score": 0.0,
        "debt_to_income": 0.0048017421582725595,
        "income": 0.009141832070425737,
        "loan_amount": 0.030243013652784395
      },
      "debt_to_income": {
        "age": 0.002982571121778344,
        "credit_score": 0.0048017421582725595,
        "debt_to_income": 0.0,
        "income": 0.013605196278718276,
        "loan_amount": 0.02615454208444343
      },
      "income": {
        "age": 0.023324204457901298,
        "credit_score": 0.009141832070425737,
        "debt_to_income": 0.013605196278718276,
        "income": 0.0,
        "loan_amount": 0.05901331354109762
      },
      "loan_amount": {
        "age": 0.029973000635250095,
        "credit_score": 0.030243013652784395,
        "debt_to_income": 0.02615454208444343,
        "income": 0.05901331354109762,
        "loan_amount": 0.0
      }
    },
    "correlation_nonfinite_policy": "nonfinite_to_null",
    "correlation_preservation_score": 0.9782012236161877,
    "correlation_scored_pair_count": 10,
    "correlation_total_pair_count": 10,
    "max_correlation_difference": 0.05901331354109762,
    "mean_correlation_difference": 0.021798776383812345,
    "real_correlation_matrix": {
      "age": {
        "age": 1.0,
        "credit_score": 0.015621396725036216,
        "debt_to_income": 0.010269970255047091,
        "income": -0.012439136279730862,
        "loan_amount": -0.030137609313218912
      },
      "credit_score": {
        "age": 0.015621396725036216,
        "credit_score": 1.0,
        "debt_to_income": 0.009322291433324767,
        "income": 0.28415820143258697,
        "loan_amount": 0.2448384848367677
      },
      "debt_to_income": {
        "age": 0.010269970255047091,
        "credit_score": 0.009322291433324767,
        "debt_to_income": 1.0,
        "income": -0.013333375801136785,
        "loan_amount": -0.005727320974461774
      },
      "income": {
        "age": -0.012439136279730862,
        "credit_score": 0.28415820143258697,
        "debt_to_income": -0.013333375801136785,
        "income": 1.0,
        "loan_amount": 0.8808936584289794
      },
      "loan_amount": {
        "age": -0.030137609313218912,
        "credit_score": 0.2448384848367677,
        "debt_to_income": -0.005727320974461774,
        "income": 0.8808936584289794,
        "loan_amount": 1.0
      }
    },
    "synthetic_correlation_matrix": {
      "age": {
        "age": 1.0,
        "credit_score": -0.003126951112415478,
        "debt_to_income": 0.007287399133268747,
        "income": 0.010885068178170436,
        "loan_amount": -0.00016460867796881833
      },
      "credit_score": {
        "age": -0.003126951112415478,
        "credit_score": 1.0,
        "debt_to_income": 0.014124033591597326,
        "income": 0.2933000335030127,
        "loan_amount": 0.2750814984895521
      },
      "debt_to_income": {
        "age": 0.007287399133268747,
        "credit_score": 0.014124033591597326,
        "debt_to_income": 1.0,
        "income": -0.02693857207985506,
        "loan_amount": -0.031881863058905204
      },
      "income": {
        "age": 0.010885068178170436,
        "credit_score": 0.2933000335030127,
        "debt_to_income": -0.02693857207985506,
        "income": 1.0,
        "loan_amount": 0.8218803448878818
      },
      "loan_amount": {
        "age": -0.00016460867796881833,
        "credit_score": 0.2750814984895521,
        "debt_to_income": -0.031881863058905204,
        "income": 0.8218803448878818,
        "loan_amount": 1.0
      }
    },
    "undefined_correlation_columns_real": [],
    "undefined_correlation_columns_synthetic": [],
    "undefined_correlation_pair_both_count": 0,
    "undefined_correlation_pair_count": 0,
    "undefined_correlation_pair_mismatch_count": 0
  },
  "critical_issues": [],
  "demographic_alignment": {
    "attributes": {
      "gender": {
        "abs_pp_drift": {
          "female": 0.01666666666666483,
          "male": 0.016666666666670382
        },
        "max_abs_pp_drift": 0.016666666666670382,
        "missing_in_synthetic": [],
        "real_group_proportions": {
          "female": 0.5163333333333333,
          "male": 0.4836666666666667
        },
        "synthetic_group_proportions": {
          "female": 0.5165,
          "male": 0.4835
        },
        "unexpected_in_synthetic": [],
        "within_threshold": true
      },
      "race": {
        "abs_pp_drift": {
          "asian": 0.0033333333333329662,
          "black": 0.05666666666666667,
          "hispanic": 0.003333333333333313,
          "other": 0.02333333333333354,
          "white": 0.03333333333332966
        },
        "max_abs_pp_drift": 0.05666666666666667,
        "missing_in_synthetic": [],
        "real_group_proportions": {
          "asian": 0.08266666666666667,
          "black": 0.052333333333333336,
          "hispanic": 0.027333333333333334,
          "other": 0.050333333333333334,
          "white": 0.7873333333333333
        },
        "synthetic_group_proportions": {
          "asian": 0.0827,
          "black": 0.0529,
          "hispanic": 0.0273,
          "other": 0.0501,
          "white": 0.787
        },
        "unexpected_in_synthetic": [],
        "within_threshold": true
      }
    },
    "max_abs_pp_drift": 0.05666666666666667,
    "threshold_pp": 5.0,
    "within_threshold": true
  },
  "excluded_quality_columns": [],
  "gate_utility_divergence_explanation": "The hard synthetic quality gate passed; advisory utility AUC was not evaluated; output reliance depends on downstream metrics/certification, not quality_ok alone.",
  "issued_at": "2026-07-07T17:18:55.452903+00:00",
  "issued_by": "FL-BSA Synthetic Quality Validation System",
  "label_column": null,
  "overall_quality_score": 0.8996413774113724,
  "p2_label_policy": null,
  "pipeline_id": "3123918c-d62b-48a7-89d7-9a91f10c82ab",
  "previous_certificate_hash": "9a7e7e71fb4994bfb52772c9202cf0c6108045ced880fe304da4958bfeb01b04",
  "privacy_metrics": {
    "differential_privacy_claimed": false,
    "duplicate_count": 0,
    "exact_duplicate_claim_scope": "exact_training_row_reproduction_only",
    "exact_duplicate_column_count": 7,
    "exact_duplicate_detection_method": "fl_bsa_ng_row_fingerprint_shared_predicate",
    "exact_duplicate_score_count": 0,
    "exact_duplicate_score_source": "post_artifact_duplicate_count",
    "exact_output_wall_applied": true,
    "exact_output_wall_artifact_scope": "intrinsic.synthetic_data.csv",
    "exact_output_wall_post_duplicate_count": 0,
    "exact_output_wall_pre_duplicate_count": 0,
    "mean_nearest_neighbor_distance": 0.4098130266655896,
    "min_nearest_neighbor_distance": 0.0957279363470843,
    "near_duplicate_count": 0,
    "near_duplicate_count_status": "not_computed",
    "near_duplicate_privacy_claimed": false,
    "privacy_preservation_score": 0.6663636363636364,
    "privacy_preservation_score_scope": "quality_heuristic_not_formal_privacy_guarantee",
    "unique_combination_overlap": 0.0009090909090909091
  },