{
  "branch_mode": "amplification",
  "categorical_features": [
    "gender",
    "race"
  ],
  "categorical_statistics": {
    "gender": {
      "most_frequent": "female",
      "unique_count": 2
    },
    "race": {
      "most_frequent": "white",
      "unique_count": 5
    }
  },
  "certificate_hash": "1236cddd1caee0397e7e8a45f9f06e7877b0e72161c23e056beb8bf90998379b",
  "certificate_id": "data_profiling_amplification_66343dd0-4c31-4867-a3a6-3059fedbfd41",
  "certificate_type": "data_profiling_certificate",
  "certificate_version": "1.0",
  "data_quality_score": 0.95,
  "data_shape": {
    "columns": 8,
    "rows": 3000
  },
  "missing_value_summary": {},
  "numeric_features": [
    "age",
    "income",
    "credit_score",
    "loan_amount",
    "debt_to_income",
    "loan_approved"
  ],
  "numeric_statistics": {
    "age": {
      "kurtosis": -0.261986308046537,
      "max": 75.0,
      "mean": 38.315,
      "median": 38.0,
      "min": 18.0,
      "quantiles": {
        "q05": 19.950000000000017,
        "q25": 30.0,
        "q50": 38.0,
        "q75": 46.0,
        "q95": 57.0
      },
      "skew": 0.22151190256130268,
      "std": 10.935247362464773
    },
    "credit_score": {
      "kurtosis": -0.1447622155033068,
      "max": 850.0,
      "mean": 679.3993333333333,
      "median": 679.0,
      "min": 386.0,
      "quantiles": {
        "q05": 547.0,
        "q25": 625.0,
        "q50": 679.0,
        "q75": 734.0,
        "q95": 816.0499999999997
      },
      "skew": -0.08986326022753084,
      "std": 81.3557954586342
    },
    "debt_to_income": {
      "kurtosis": -0.23462606669258523,
      "max": 0.4179596270574621,
      "mean": 0.14516177399071956,
      "median": 0.13791863590307052,
      "min": 0.0003612944732134,
      "quantiles": {
        "q05": 0.03271564583330788,
        "q25": 0.08286989386356595,
        "q50": 0.13791863590307052,
        "q75": 0.19567117674557694,
        "q95": 0.29178983115327084
      },
      "skew": 0.5297488232276275,
      "std": 0.07945038640282023
    },
    "income": {
      "kurtosis": 5.752313629784219,
      "max": 300000.0,
      "mean": 62654.53466666667,
      "median": 49374.5,
      "min": 20000.0,
      "quantiles": {
        "q05": 20000.0,
        "q25": 31072.0,
        "q50": 49374.5,
        "q75": 77945.5,
        "q95": 151601.55
      },
      "skew": 2.0832102347986257,
      "std": 45939.03003398765
    },
    "loan_amount": {
      "kurtosis": 7.043707479923819,
      "max": 133774.0,
      "mean": 18954.486666666668,
      "median": 14343.0,
      "min": 2000.0,
      "quantiles": {
        "q05": 4600.9,
        "q25": 8532.5,
        "q50": 14343.0,
        "q75": 23917.5,
        "q95": 50813.6
      },
      "skew": 2.2642737659206356,
      "std": 15688.543417942952
    },
    "loan_approved": {
      "kurtosis": -2.0008199667880513,
      "max": 1.0,
      "mean": 0.5056666666666667,
      "median": 1.0,
      "min": 0.0,
      "quantiles": {
        "q05": 0.0,
        "q25": 0.0,
        "q50": 1.0,
        "q75": 1.0,
        "q95": 1.0
      },
      "skew": -0.022679463817857667,
      "std": 0.5000512366767926
    }
  },
  "pipeline_id": "66343dd0-4c31-4867-a3a6-3059fedbfd41",
  "previous_certificate_hash": "",
  "protected_attributes_found": [
    "age",
    "gender",
    "race"
  ],
  "timestamp": "2026-05-12T15:57:04.149488+00:00"
}