{
  "branch_mode": "amplification",
  "categorical_features": [
    "gender",
    "race"
  ],
  "categorical_statistics": {
    "gender": {
      "most_frequent": "male",
      "unique_count": 2
    },
    "race": {
      "most_frequent": "white",
      "unique_count": 5
    }
  },
  "certificate_hash": "1c0ab468fd8d067e82454332b1dfe5a724805d5595c9de37f7ad17396b890caa",
  "certificate_id": "data_profiling_amplification_63404f8c-bb53-426a-b3af-aeafe4b394b1",
  "certificate_signature": "862e68c00a83f3e145810f69f63fb14de305d038a87b47f1590416cbb4c0a75f674d92bb120504cf39ac4ff0ee1b8cdd4f4c8d9ba0f59629efa6f60c7c932776",
  "certificate_type": "data_profiling_certificate",
  "certificate_version": "1.0",
  "data_quality_score": 0.95,
  "data_shape": {
    "columns": 8,
    "rows": 3000
  },
  "missing_value_summary": {},
  "numeric_features": [
    "age",
    "income",
    "credit_score",
    "loan_amount",
    "debt_to_income",
    "loan_approved"
  ],
  "numeric_statistics": {
    "age": {
      "kurtosis": -0.3261056402744207,
      "max": 65.0,
      "mean": 34.41866666666667,
      "median": 34.0,
      "min": 18.0,
      "quantiles": {
        "q05": 18.0,
        "q25": 27.0,
        "q50": 34.0,
        "q75": 41.0,
        "q95": 51.0
      },
      "skew": 0.29314477908973613,
      "std": 9.755055369258956
    },
    "credit_score": {
      "kurtosis": -0.1447622155033068,
      "max": 850.0,
      "mean": 679.3993333333333,
      "median": 679.0,
      "min": 386.0,
      "quantiles": {
        "q05": 547.0,
        "q25": 625.0,
        "q50": 679.0,
        "q75": 734.0,
        "q95": 816.0499999999997
      },
      "skew": -0.08986326022753084,
      "std": 81.3557954586342
    },
    "debt_to_income": {
      "kurtosis": -0.23462606669258523,
      "max": 0.4179596270574621,
      "mean": 0.14516177399071956,
      "median": 0.13791863590307052,
      "min": 0.0003612944732134,
      "quantiles": {
        "q05": 0.03271564583330788,
        "q25": 0.08286989386356595,
        "q50": 0.13791863590307052,
        "q75": 0.19567117674557694,
        "q95": 0.29178983115327084
      },
      "skew": 0.5297488232276275,
      "std": 0.07945038640282023
    },
    "income": {
      "kurtosis": 5.752313629784219,
      "max": 300000.0,
      "mean": 62654.53466666667,
      "median": 49374.5,
      "min": 20000.0,
      "quantiles": {
        "q05": 20000.0,
        "q25": 31072.0,
        "q50": 49374.5,
        "q75": 77945.5,
        "q95": 151601.55
      },
      "skew": 2.0832102347986257,
      "std": 45939.03003398765
    },
    "loan_amount": {
      "kurtosis": 7.043707479923819,
      "max": 133774.0,
      "mean": 18954.486666666668,
      "median": 14343.0,
      "min": 2000.0,
      "quantiles": {
        "q05": 4600.9,
        "q25": 8532.5,
        "q50": 14343.0,
        "q75": 23917.5,
        "q95": 50813.6
      },
      "skew": 2.2642737659206356,
      "std": 15688.543417942952
    },
    "loan_approved": {
      "kurtosis": -1.999836502063688,
      "max": 1.0,
      "mean": 0.5096666666666667,
      "median": 1.0,
      "min": 0.0,
      "quantiles": {
        "q05": 0.0,
        "q25": 0.0,
        "q50": 1.0,
        "q75": 1.0,
        "q95": 1.0
      },
      "skew": -0.03869324437330567,
      "std": 0.49998988541508976
    }
  },
  "pipeline_id": "63404f8c-bb53-426a-b3af-aeafe4b394b1",
  "previous_certificate_hash": "",
  "protected_attributes_found": [
    "age",
    "gender",
    "race"
  ],
  "public_key_fingerprint": "1f131ff193087446",
  "signature_algorithm": "ECDSA-P256-SHA256",
  "signed_at": "2026-01-03T14:09:38.447164",
  "timestamp": "2026-01-03T14:09:38.110842+00:00"
}