{
  "bias_analysis": {
    "bias_amplification_detected": false,
    "bias_preservation_score": 1.0,
    "bias_reduction_detected": false,
    "conditional_parity_real": {},
    "conditional_parity_synthetic": {},
    "demographic_parity_difference": {},
    "demographic_parity_real": {},
    "demographic_parity_synthetic": {}
  },
  "branch_mode": "intrinsic",
  "certificate_hash": "f42ef12823d79f232cf740fee7765895ab1c305d4d427c4c7b5600ef64c5c97b",
  "certificate_id": "9af71ee6-6b8b-40fe-b0e7-e26acad8a994",
  "certificate_signature": "91aa2f3ccdda667762e2abb4da5ea42b62d0b4f43ebea42c07f64804d17cfd2b2de50e7fc4bb5221446400bd8ba946450b6f9203e7977151cade854a284cd265",
  "certificate_type": "synthetic_quality_certificate",
  "certificate_version": "1.0",
  "correlation_analysis": {
    "broken_correlations": [],
    "correlation_differences": {
      "age": {
        "age": 0.0,
        "credit_score": 0.0861792939396723,
        "debt_to_income": 0.07273392474654666,
        "income": 0.07453804265063033,
        "loan_amount": 0.05043487893606924
      },
      "credit_score": {
        "age": 0.0861792939396723,
        "credit_score": 0.0,
        "debt_to_income": 0.04186434836275154,
        "income": 0.21776978518355483,
        "loan_amount": 0.15828421477370505
      },
      "debt_to_income": {
        "age": 0.07273392474654666,
        "credit_score": 0.04186434836275154,
        "debt_to_income": 0.0,
        "income": 0.05916811739767622,
        "loan_amount": 0.03971325171535649
      },
      "income": {
        "age": 0.07453804265063033,
        "credit_score": 0.21776978518355483,
        "debt_to_income": 0.05916811739767622,
        "income": 0.0,
        "loan_amount": 0.22071410690747595
      },
      "loan_amount": {
        "age": 0.05043487893606924,
        "credit_score": 0.15828421477370505,
        "debt_to_income": 0.03971325171535649,
        "income": 0.22071410690747595,
        "loan_amount": 0.0
      }
    },
    "correlation_preservation_score": 0.8978600035386561,
    "max_correlation_difference": 0.22071410690747595,
    "mean_correlation_difference": 0.10213999646134386,
    "real_correlation_matrix": {
      "age": {
        "age": 1.0,
        "credit_score": 0.016822185539389276,
        "debt_to_income": 0.010304554522836039,
        "income": -0.01301843935415355,
        "loan_amount": -0.030776479816860658
      },
      "credit_score": {
        "age": 0.016822185539389276,
        "credit_score": 1.0,
        "debt_to_income": 0.00932229143332476,
        "income": 0.28415820143258697,
        "loan_amount": 0.2448384848367677
      },
      "debt_to_income": {
        "age": 0.010304554522836039,
        "credit_score": 0.00932229143332476,
        "debt_to_income": 1.0,
        "income": -0.0133333758011368,
        "loan_amount": -0.005727320974461758
      },
      "income": {
        "age": -0.01301843935415355,
        "credit_score": 0.28415820143258697,
        "debt_to_income": -0.0133333758011368,
        "income": 1.0,
        "loan_amount": 0.8808936584289794
      },
      "loan_amount": {
        "age": -0.030776479816860658,
        "credit_score": 0.2448384848367677,
        "debt_to_income": -0.005727320974461758,
        "income": 0.8808936584289794,
        "loan_amount": 1.0
      }
    },
    "synthetic_correlation_matrix": {
      "age": {
        "age": 1.0,
        "credit_score": -0.06935710840028303,
        "debt_to_income": 0.08303847926938271,
        "income": 0.06151960329647677,
        "loan_amount": 0.019658399119208577
      },
      "credit_score": {
        "age": -0.06935710840028303,
        "credit_score": 1.0,
        "debt_to_income": -0.03254205692942678,
        "income": 0.06638841624903212,
        "loan_amount": 0.08655427006306265
      },
      "debt_to_income": {
        "age": 0.08303847926938271,
        "credit_score": -0.03254205692942678,
        "debt_to_income": 1.0,
        "income": 0.04583474159653942,
        "loan_amount": 0.03398593074089473
      },
      "income": {
        "age": 0.06151960329647677,
        "credit_score": 0.06638841624903212,
        "debt_to_income": 0.04583474159653942,
        "income": 1.0,
        "loan_amount": 0.6601795515215034
      },
      "loan_amount": {
        "age": 0.019658399119208577,
        "credit_score": 0.08655427006306265,
        "debt_to_income": 0.03398593074089473,
        "income": 0.6601795515215034,
        "loan_amount": 1.0
      }
    }
  },
  "critical_issues": [],
  "issued_at": "2026-01-03T13:05:16.891004+00:00",
  "issued_by": "FL-BSA Synthetic Quality Validation System",
  "overall_quality_score": 0.7238068896638677,
  "pipeline_id": "713194a0-4ff6-4f08-9e0e-5dce63ec0c07",
  "previous_certificate_hash": "16c47687d0e466e979367b98631365c4455ed65c3561f98e8bf3240b2a62d689",
  "privacy_metrics": {
    "duplicate_count": 0,
    "mean_nearest_neighbor_distance": 1.011335020336015,
    "min_nearest_neighbor_distance": 0.04225285817327032,
    "near_duplicate_count": 0,
    "privacy_preservation_score": 0.9973675551168147,
    "unique_combination_overlap": 0.007897334649555774
  },
  "public_key_fingerprint": "f27e76b6b84d107f",
  "quality_ok": false,
  "quality_threshold_met": false,
  "quality_threshold_used": 0.8,
  "real_data_columns": 9,
  "real_data_hash": "7fbc4c8b4d24b2173d2c536e5d3f62c8fcc28cfdf3a165071c6ad04864721ba8",
  "real_data_path": "/app/output/713194a0-4ff6-4f08-9e0e-5dce63ec0c07/dataset_713194a0-4ff6-4f08-9e0e-5dce63ec0c07.csv",
  "real_data_rows": 3000,
  "recommendations": [
    "Consider retraining the model with different hyperparameters",
    "Review columns with significant distribution differences"
  ],
  "signature_algorithm": "ECDSA-P256-SHA256",
  "signed_at": "2026-01-03T13:05:17.469378",
  "statistical_comparison": {
    "chi_square_results": {
      "gender": {
        "p_value": 0.00747284362501788,
        "significant": true,
        "statistic": 7.155644535778205
      },
      "race": {
        "p_value": 0.0,
        "significant": true,
        "statistic": 2832.374352345407
      }
    },
    "js_divergences": {
      "gender": 0.009454082951913157,
      "race": 0.1628557471518613
    },
    "ks_test_results": {
      "age": {
        "p_value": 6.26e-321,
        "significant": true,
        "statistic": 0.49206666666666665
      },
      "credit_score": {
        "p_value": 3.106468852016756e-306,
        "significant": true,
        "statistic": 0.385
      },
      "debt_to_income": {
        "p_value": 7.186233331621649e-64,
        "significant": true,
        "statistic": 0.17733333333333334
      },
      "income": {
        "p_value": 6.023e-321,
        "significant": true,
        "statistic": 0.504
      },
      "loan_amount": {
        "p_value": 3.165041535654116e-155,
        "significant": true,
        "statistic": 0.27586666666666665
      }
    },
    "kurtosis_differences": {
      "age": 1.0578883724044656,
      "credit_score": 0.402090181853759,
      "debt_to_income": 0.20548404780950813,
      "income": 3.0326909880594197,
      "loan_amount": 7.689144059864229
    },
    "mean_differences": {
      "age": 0.24051677384295195,
      "credit_score": 0.07792569711086789,
      "debt_to_income": 0.2127001147697766,
      "income": 0.3836936001518353,
      "loan_amount": 0.46869712113895046
    },
    "median_js_divergence": 0.08615491505188723,
    "median_wasserstein_distance": 65.08193333333332,
    "n_significant_differences": 7,
    "overall_distribution_score": 0.0,
    "range_violations": {
      "age": {
        "real_range": [
          18.0,
          65.0
        ],
        "synthetic_range": [
          18.0,
          78.0
        ],
        "violation_type": "out_of_bounds"
      },
      "debt_to_income": {
        "real_range": [
          0.0003612944732134,
          0.4179596270574621
        ],
        "synthetic_range": [
          0.0,
          0.494
        ],