{
  "bias_analysis": {
    "bias_amplification_detected": false,
    "bias_preservation_score": 1.0,
    "bias_reduction_detected": false,
    "conditional_parity_real": {},
    "conditional_parity_synthetic": {},
    "demographic_parity_difference": {},
    "demographic_parity_real": {},
    "demographic_parity_synthetic": {}
  },
  "branch_mode": "intrinsic",
  "certificate_hash": "9a1b70a8002a6ea180c932d5303a293cb124e04e9a535ef6815983a33fe5602d",
  "certificate_id": "4000d2dd-4a8d-4c3c-bec3-a798db8e2b5b",
  "certificate_type": "synthetic_quality_certificate",
  "certificate_version": "1.1",
  "correlation_analysis": {
    "broken_correlations": [],
    "correlation_differences": {
      "age": {
        "age": 0.0,
        "credit_score": 0.09607635689127139,
        "debt_to_income": 0.02017633656760614,
        "income": 0.03167796871758026,
        "loan_amount": 0.012335925976692252
      },
      "credit_score": {
        "age": 0.09607635689127139,
        "credit_score": 0.0,
        "debt_to_income": 0.07903378955628645,
        "income": 0.027361156362244177,
        "loan_amount": 0.005636763116216775
      },
      "debt_to_income": {
        "age": 0.02017633656760614,
        "credit_score": 0.07903378955628645,
        "debt_to_income": 0.0,
        "income": 0.029998557349828724,
        "loan_amount": 0.035107103023165616
      },
      "income": {
        "age": 0.03167796871758026,
        "credit_score": 0.027361156362244177,
        "debt_to_income": 0.029998557349828724,
        "income": 0.0,
        "loan_amount": 0.10182722476871953
      },
      "loan_amount": {
        "age": 0.012335925976692252,
        "credit_score": 0.005636763116216775,
        "debt_to_income": 0.035107103023165616,
        "income": 0.10182722476871953,
        "loan_amount": 0.0
      }
    },
    "correlation_nonfinite_policy": "nonfinite_to_null",
    "correlation_preservation_score": 0.9560768817670389,
    "correlation_scored_pair_count": 10,
    "correlation_total_pair_count": 10,
    "max_correlation_difference": 0.10182722476871953,
    "mean_correlation_difference": 0.04392311823296113,
    "real_correlation_matrix": {
      "age": {
        "age": 1.0,
        "credit_score": 0.016822185539389276,
        "debt_to_income": 0.010304554522836054,
        "income": -0.01301843935415355,
        "loan_amount": -0.030776479816860658
      },
      "credit_score": {
        "age": 0.016822185539389276,
        "credit_score": 1.0,
        "debt_to_income": 0.009322291433324767,
        "income": 0.28415820143258697,
        "loan_amount": 0.2448384848367677
      },
      "debt_to_income": {
        "age": 0.010304554522836054,
        "credit_score": 0.009322291433324767,
        "debt_to_income": 1.0,
        "income": -0.013333375801136785,
        "loan_amount": -0.005727320974461774
      },
      "income": {
        "age": -0.01301843935415355,
        "credit_score": 0.28415820143258697,
        "debt_to_income": -0.013333375801136785,
        "income": 1.0,
        "loan_amount": 0.8808936584289794
      },
      "loan_amount": {
        "age": -0.030776479816860658,
        "credit_score": 0.2448384848367677,
        "debt_to_income": -0.005727320974461774,
        "income": 0.8808936584289794,
        "loan_amount": 1.0
      }
    },
    "synthetic_correlation_matrix": {
      "age": {
        "age": 1.0,
        "credit_score": -0.07925417135188212,
        "debt_to_income": 0.030480891090442195,
        "income": -0.04469640807173381,
        "loan_amount": -0.04311240579355291
      },
      "credit_score": {
        "age": -0.07925417135188212,
        "credit_score": 1.0,
        "debt_to_income": -0.0697114981229617,
        "income": 0.31151935779483114,
        "loan_amount": 0.23920172172055093
      },
      "debt_to_income": {
        "age": 0.030480891090442195,
        "credit_score": -0.0697114981229617,
        "debt_to_income": 1.0,
        "income": -0.04333193315096551,
        "loan_amount": -0.04083442399762739
      },
      "income": {
        "age": -0.04469640807173381,
        "credit_score": 0.31151935779483114,
        "debt_to_income": -0.04333193315096551,
        "income": 1.0,
        "loan_amount": 0.7790664336602598
      },
      "loan_amount": {
        "age": -0.04311240579355291,
        "credit_score": 0.23920172172055093,
        "debt_to_income": -0.04083442399762739,
        "income": 0.7790664336602598,
        "loan_amount": 1.0
      }
    },
    "undefined_correlation_columns_real": [],
    "undefined_correlation_columns_synthetic": [],
    "undefined_correlation_pair_both_count": 0,
    "undefined_correlation_pair_count": 0,
    "undefined_correlation_pair_mismatch_count": 0
  },
  "critical_issues": [],
  "issued_at": "2026-02-17T21:50:54.721868+00:00",
  "issued_by": "FL-BSA Synthetic Quality Validation System",
  "overall_quality_score": 0.9210242362906472,
  "pipeline_id": "2339046f-0730-4cbb-adf0-2412707ca10e",
  "previous_certificate_hash": "6c85b422db1f0f5eb5f0d2fe52ef3b3d35a158262e8f103836f10314346b2b7e",
  "privacy_metrics": {
    "duplicate_count": 0,
    "mean_nearest_neighbor_distance": 0.5369765176095795,
    "min_nearest_neighbor_distance": 0.10478680704923236,
    "near_duplicate_count": 0,
    "privacy_preservation_score": 0.8322538204635158,
    "unique_combination_overlap": 0.0032385386094524846
  },
  "quality_ok": false,
  "quality_threshold_met": true,
  "quality_threshold_used": 0.8,
  "real_data_columns": 9,
  "real_data_hash": "7fbc4c8b4d24b2173d2c536e5d3f62c8fcc28cfdf3a165071c6ad04864721ba8",
  "real_data_path": "/app/output/2339046f-0730-4cbb-adf0-2412707ca10e/dataset_2339046f-0730-4cbb-adf0-2412707ca10e.csv",
  "real_data_rows": 3000,
  "recommendations": [
    "Synthetic data shows excellent quality across all metrics"
  ],
  "statistical_comparison": {
    "chi_square_results": {
      "gender": {
        "p_value": 1.5048582719882385e-48,
        "significant": true,
        "statistic": 214.40211357201045
      },
      "race": {
        "p_value": 0.0,
        "significant": true,
        "statistic": 2500.5598142091717
      }
    },
    "distribution_effect_scores": {
      "age": 0.8486333333333334,
      "credit_score": 0.9716666666666667,
      "debt_to_income": 0.9209666666666667,
      "gender": 0.9377854374919424,
      "income": 0.9286,
      "loan_amount": 0.8591333333333333,
      "race": 0.8035782630322952
    },
    "distribution_scoring_method": "effect_size_v1_ks_js_base2_missingness_penalty",
    "js_divergences": {
      "gender": 0.06221456250805755,
      "race": 0.19642173696770487
    },
    "ks_test_results": {
      "age": {
        "p_value": 1.3917297523663198e-46,
        "significant": true,
        "statistic": 0.15136666666666668
      },
      "credit_score": {
        "p_value": 0.04829371947775441,
        "significant": true,
        "statistic": 0.028333333333333332
      },
      "debt_to_income": {
        "p_value": 5.566410689716326e-13,
        "significant": true,
        "statistic": 0.07903333333333333
      },
      "income": {
        "p_value": 1.1323524096941536e-10,
        "significant": true,
        "statistic": 0.0714
      },
      "loan_amount": {
        "p_value": 2.21387838581859e-40,
        "significant": true,
        "statistic": 0.14086666666666667
      }
    },
    "kurtosis_differences": {
      "age": 0.31932261025941466,
      "credit_score": 0.320900292226896,
      "debt_to_income": 0.1328546547530065,
      "income": 2.1704588787514845,
      "loan_amount": 6.250786251953475
    },
    "mean_differences": {
      "age": 0.0892500193690751,
      "credit_score": 0.005082528782777029,
      "debt_to_income": 0.050964698217706925,
      "income": 0.05189212687174599,
      "loan_amount": 0.3823692754538658
    },
    "median_js_divergence": 0.12931814973788122,
    "median_wasserstein_distance": 3.873533333333334,
    "missingness_rate_differences": {
      "age": 0.0,