{
  "bias_analysis": {
    "bias_amplification_detected": false,
    "bias_preservation_score": 1.0,
    "bias_reduction_detected": false,
    "conditional_parity_real": {},
    "conditional_parity_synthetic": {},
    "demographic_parity_difference": {},
    "demographic_parity_real": {},
    "demographic_parity_synthetic": {}
  },
  "branch_mode": "intrinsic",
  "certificate_hash": "7727c01805d2cd1512b16709d88650fc426f2c933a5eabe769684f1ddd18ee66",
  "certificate_id": "e9c2d4ed-b10c-4f30-9f7e-2d18e3d6b4b8",
  "certificate_type": "synthetic_quality_certificate",
  "certificate_version": "1.0",
  "correlation_analysis": {
    "broken_correlations": [],
    "correlation_differences": {
      "age": {
        "age": 0.0,
        "credit_score": 0.09607635689127134,
        "debt_to_income": 0.020176336567606156,
        "income": 0.031677968717580246,
        "loan_amount": 0.012335925976692187
      },
      "credit_score": {
        "age": 0.09607635689127134,
        "credit_score": 0.0,
        "debt_to_income": 0.07903378955628645,
        "income": 0.027361156362244343,
        "loan_amount": 0.005636763116216775
      },
      "debt_to_income": {
        "age": 0.020176336567606156,
        "credit_score": 0.07903378955628645,
        "debt_to_income": 0.0,
        "income": 0.029998557349828724,
        "loan_amount": 0.035107103023165616
      },
      "income": {
        "age": 0.031677968717580246,
        "credit_score": 0.027361156362244343,
        "debt_to_income": 0.029998557349828724,
        "income": 0.0,
        "loan_amount": 0.10182722476871953
      },
      "loan_amount": {
        "age": 0.012335925976692187,
        "credit_score": 0.005636763116216775,
        "debt_to_income": 0.035107103023165616,
        "income": 0.10182722476871953,
        "loan_amount": 0.0
      }
    },
    "correlation_preservation_score": 0.9560768817670389,
    "max_correlation_difference": 0.10182722476871953,
    "mean_correlation_difference": 0.04392311823296114,
    "real_correlation_matrix": {
      "age": {
        "age": 1.0,
        "credit_score": 0.016822185539389255,
        "debt_to_income": 0.010304554522836039,
        "income": -0.013018439354153564,
        "loan_amount": -0.03077647981686067
      },
      "credit_score": {
        "age": 0.016822185539389255,
        "credit_score": 1.0,
        "debt_to_income": 0.009322291433324767,
        "income": 0.2841582014325869,
        "loan_amount": 0.2448384848367677
      },
      "debt_to_income": {
        "age": 0.010304554522836039,
        "credit_score": 0.009322291433324767,
        "debt_to_income": 1.0,
        "income": -0.013333375801136785,
        "loan_amount": -0.005727320974461774
      },
      "income": {
        "age": -0.013018439354153564,
        "credit_score": 0.2841582014325869,
        "debt_to_income": -0.013333375801136785,
        "income": 1.0,
        "loan_amount": 0.8808936584289794
      },
      "loan_amount": {
        "age": -0.03077647981686067,
        "credit_score": 0.2448384848367677,
        "debt_to_income": -0.005727320974461774,
        "income": 0.8808936584289794,
        "loan_amount": 1.0
      }
    },
    "synthetic_correlation_matrix": {
      "age": {
        "age": 1.0,
        "credit_score": -0.07925417135188208,
        "debt_to_income": 0.030480891090442195,
        "income": -0.044696408071733806,
        "loan_amount": -0.043112405793552855
      },
      "credit_score": {
        "age": -0.07925417135188208,
        "credit_score": 1.0,
        "debt_to_income": -0.0697114981229617,
        "income": 0.31151935779483125,
        "loan_amount": 0.23920172172055093
      },
      "debt_to_income": {
        "age": 0.030480891090442195,
        "credit_score": -0.0697114981229617,
        "debt_to_income": 1.0,
        "income": -0.04333193315096551,
        "loan_amount": -0.04083442399762739
      },
      "income": {
        "age": -0.044696408071733806,
        "credit_score": 0.31151935779483125,
        "debt_to_income": -0.04333193315096551,
        "income": 1.0,
        "loan_amount": 0.7790664336602598
      },
      "loan_amount": {
        "age": -0.043112405793552855,
        "credit_score": 0.23920172172055093,
        "debt_to_income": -0.04083442399762739,
        "income": 0.7790664336602598,
        "loan_amount": 1.0
      }
    }
  },
  "critical_issues": [],
  "issued_at": "2026-02-07T15:35:54.737761+00:00",
  "issued_by": "FL-BSA Synthetic Quality Validation System",
  "overall_quality_score": 0.6970826755576387,
  "pipeline_id": "3ced5eb2-8aee-4c52-a32e-f04cf98168d3",
  "previous_certificate_hash": "712963cf99e505e54ba1d1551f6c91ab8195c998a2fab88ef67ace2465421c47",
  "privacy_metrics": {
    "duplicate_count": 0,
    "mean_nearest_neighbor_distance": 0.5369765176095794,
    "min_nearest_neighbor_distance": 0.10478680704923449,
    "near_duplicate_count": 0,
    "privacy_preservation_score": 0.8322538204635158,
    "unique_combination_overlap": 0.0032385386094524846
  },
  "quality_ok": false,
  "quality_threshold_met": false,
  "quality_threshold_used": 0.8,
  "real_data_columns": 9,
  "real_data_hash": "7fbc4c8b4d24b2173d2c536e5d3f62c8fcc28cfdf3a165071c6ad04864721ba8",
  "real_data_path": "/app/output/3ced5eb2-8aee-4c52-a32e-f04cf98168d3/dataset_3ced5eb2-8aee-4c52-a32e-f04cf98168d3.csv",
  "real_data_rows": 3000,
  "recommendations": [
    "Consider retraining the model with different hyperparameters",
    "Review columns with significant distribution differences"
  ],
  "statistical_comparison": {
    "chi_square_results": {
      "gender": {
        "p_value": 1.5048582719882385e-48,
        "significant": true,
        "statistic": 214.40211357201045
      },
      "race": {
        "p_value": 0.0,
        "significant": true,
        "statistic": 2500.5598142091717
      }
    },
    "js_divergences": {
      "gender": 0.051797020897242134,
      "race": 0.16353182284406703
    },
    "ks_test_results": {
      "age": {
        "p_value": 1.3917297523663198e-46,
        "significant": true,
        "statistic": 0.15136666666666668
      },
      "credit_score": {
        "p_value": 0.04829371947775441,
        "significant": true,
        "statistic": 0.028333333333333332
      },
      "debt_to_income": {
        "p_value": 5.566410689716326e-13,
        "significant": true,
        "statistic": 0.07903333333333333
      },
      "income": {
        "p_value": 1.1323524096941536e-10,
        "significant": true,
        "statistic": 0.0714
      },
      "loan_amount": {
        "p_value": 2.21387838581859e-40,
        "significant": true,
        "statistic": 0.14086666666666667
      }
    },
    "kurtosis_differences": {
      "age": 0.31932261025941466,
      "credit_score": 0.320900292226896,
      "debt_to_income": 0.1328546547530065,
      "income": 2.1704588787514845,
      "loan_amount": 6.250786251953475
    },
    "mean_differences": {
      "age": 0.0892500193690751,
      "credit_score": 0.005082528782777029,
      "debt_to_income": 0.050964698217706925,
      "income": 0.05189212687174599,
      "loan_amount": 0.3823692754538658
    },
    "median_js_divergence": 0.10766442187065459,
    "median_wasserstein_distance": 3.873533333333334,
    "n_significant_differences": 7,
    "overall_distribution_score": 0.0,
    "range_violations": {
      "age": {
        "real_range": [
          18.0,
          65.0
        ],
        "synthetic_range": [
          18.0,
          69.0
        ],
        "violation_type": "out_of_bounds"
      },
      "debt_to_income": {
        "real_range": [
          0.0003612944732134,
          0.4179596270574621
        ],
        "synthetic_range": [
          0.0,
          0.425
        ],
        "violation_type": "out_of_bounds"
      }
    },
    "skewness_differences": {
      "age": 0.2784192643023552,
      "credit_score": 0.13776826357425115,
      "debt_to_income": 0.09090688246116319,
      "income": 0.21545581683603832,