{
  "bias_analysis": {
    "bias_amplification_detected": false,
    "bias_preservation_score": 0.9980597852792388,
    "bias_reduction_detected": false,
    "conditional_parity_real": {},
    "conditional_parity_synthetic": {},
    "demographic_parity_difference": {
      "gender": 0.00010871288925939915,
      "race": 0.001831501831501825
    },
    "demographic_parity_real": {
      "gender": {
        "female": 0.43834732085216266,
        "male": 0.5775327360441075
      },
      "race": {
        "asian": 0.5040322580645161,
        "black": 0.5414012738853503,
        "hispanic": 0.5,
        "other": 0.4768211920529801,
        "white": 0.5055038103302286
      }
    },
    "demographic_parity_synthetic": {
      "gender": {
        "female": 0.43831105946155335,
        "male": 0.5774240231548481
      },
      "race": {
        "asian": 0.5042321644498187,
        "black": 0.5411089866156787,
        "hispanic": 0.4981684981684982,
        "other": 0.47713717693836977,
        "white": 0.5054610109220219
      }
    }
  },
  "branch_mode": "amplification",
  "certificate_hash": "d6c0c70fc36b6859a9b8a91a47c1dc02b0318dc75517f1d63227063f28a4c0b4",
  "certificate_id": "d812beed-819c-46d3-99ac-939861c9ff78",
  "certificate_type": "synthetic_quality_certificate",
  "certificate_version": "1.1",
  "correlation_analysis": {
    "broken_correlations": [],
    "correlation_differences": {
      "age": {
        "age": 0.0,
        "credit_score": 0.024927148473926127,
        "debt_to_income": 0.007894042484526045,
        "income": 0.018247867797082037,
        "loan_amount": 0.03315129401894755,
        "loan_approved": 6.788832496771799e-05
      },
      "credit_score": {
        "age": 0.024927148473926127,
        "credit_score": 0.0,
        "debt_to_income": 0.014199643759033733,
        "income": 0.23328562333593006,
        "loan_amount": 0.19701702330672147,
        "loan_approved": 0.0005441462001626041
      },
      "debt_to_income": {
        "age": 0.007894042484526045,
        "credit_score": 0.014199643759033733,
        "debt_to_income": 0.0,
        "income": 0.002513457221328492,
        "loan_amount": 0.016225703381994333,
        "loan_approved": 0.00020199211594373878
      },
      "income": {
        "age": 0.018247867797082037,
        "credit_score": 0.23328562333593006,
        "debt_to_income": 0.002513457221328492,
        "income": 0.0,
        "loan_amount": 0.027667171510189825,
        "loan_approved": 0.001253031928002607
      },
      "loan_amount": {
        "age": 0.03315129401894755,
        "credit_score": 0.19701702330672147,
        "debt_to_income": 0.016225703381994333,
        "income": 0.027667171510189825,
        "loan_amount": 0.0,
        "loan_approved": 0.001081723728765277
      },
      "loan_approved": {
        "age": 6.788832496771799e-05,
        "credit_score": 0.0005441462001626041,
        "debt_to_income": 0.00020199211594373878,
        "income": 0.001253031928002607,
        "loan_amount": 0.001081723728765277,
        "loan_approved": 0.0
      }
    },
    "correlation_nonfinite_policy": "nonfinite_to_null",
    "correlation_preservation_score": 0.9614481494941652,
    "correlation_scored_pair_count": 15,
    "correlation_total_pair_count": 15,
    "max_correlation_difference": 0.23328562333593006,
    "mean_correlation_difference": 0.03855185050583477,
    "real_correlation_matrix": {
      "age": {
        "age": 1.0,
        "credit_score": 0.015621396725036216,
        "debt_to_income": 0.010269970255047091,
        "income": -0.012439136279730862,
        "loan_amount": -0.030137609313218912,
        "loan_approved": -0.007064723980911284
      },
      "credit_score": {
        "age": 0.015621396725036216,
        "credit_score": 1.0,
        "debt_to_income": 0.009322291433324767,
        "income": 0.28415820143258697,
        "loan_amount": 0.2448384848367677,
        "loan_approved": 0.20649239552832796
      },
      "debt_to_income": {
        "age": 0.010269970255047091,
        "credit_score": 0.009322291433324767,
        "debt_to_income": 1.0,
        "income": -0.013333375801136785,
        "loan_amount": -0.005727320974461774,
        "loan_approved": -0.08624625535508865
      },
      "income": {
        "age": -0.012439136279730862,
        "credit_score": 0.28415820143258697,
        "debt_to_income": -0.013333375801136785,
        "income": 1.0,
        "loan_amount": 0.8808936584289794,
        "loan_approved": 0.24257910934560553
      },
      "loan_amount": {
        "age": -0.030137609313218912,
        "credit_score": 0.2448384848367677,
        "debt_to_income": -0.005727320974461774,
        "income": 0.8808936584289794,
        "loan_amount": 1.0,
        "loan_approved": 0.22206711436454415
      },
      "loan_approved": {
        "age": -0.007064723980911284,
        "credit_score": 0.20649239552832796,
        "debt_to_income": -0.08624625535508865,
        "income": 0.24257910934560553,
        "loan_amount": 0.22206711436454415,
        "loan_approved": 1.0
      }
    },
    "synthetic_correlation_matrix": {
      "age": {
        "age": 1.0,
        "credit_score": -0.009305751748889911,
        "debt_to_income": 0.018164012739573136,
        "income": 0.005808731517351176,
        "loan_amount": 0.003013684705728635,
        "loan_approved": -0.006996835655943566
      },
      "credit_score": {
        "age": -0.009305751748889911,
        "credit_score": 1.0,
        "debt_to_income": -0.0048773523257089665,
        "income": 0.05087257809665691,
        "loan_amount": 0.04782146153004624,
        "loan_approved": 0.20703654172849056
      },
      "debt_to_income": {
        "age": 0.018164012739573136,
        "credit_score": -0.0048773523257089665,
        "debt_to_income": 1.0,
        "income": -0.015846833022465277,
        "loan_amount": -0.021953024356456106,
        "loan_approved": -0.08644824747103239
      },
      "income": {
        "age": 0.005808731517351176,
        "credit_score": 0.05087257809665691,
        "debt_to_income": -0.015846833022465277,
        "income": 1.0,
        "loan_amount": 0.8532264869187896,
        "loan_approved": 0.24383214127360814
      },
      "loan_amount": {
        "age": 0.003013684705728635,
        "credit_score": 0.04782146153004624,
        "debt_to_income": -0.021953024356456106,
        "income": 0.8532264869187896,
        "loan_amount": 1.0,
        "loan_approved": 0.22314883809330943
      },
      "loan_approved": {
        "age": -0.006996835655943566,
        "credit_score": 0.20703654172849056,
        "debt_to_income": -0.08644824747103239,
        "income": 0.24383214127360814,
        "loan_amount": 0.22314883809330943,
        "loan_approved": 1.0
      }
    },
    "undefined_correlation_columns_real": [],
    "undefined_correlation_columns_synthetic": [],
    "undefined_correlation_pair_both_count": 0,
    "undefined_correlation_pair_count": 0,
    "undefined_correlation_pair_mismatch_count": 0
  },
  "critical_issues": [],
  "demographic_alignment": {
    "attributes": {
      "gender": {
        "abs_pp_drift": {
          "female": 0.0033333333333329662,
          "male": 0.0033333333333329662
        },
        "max_abs_pp_drift": 0.0033333333333329662,
        "missing_in_synthetic": [],
        "real_group_proportions": {
          "female": 0.5163333333333333,
          "male": 0.4836666666666667
        },
        "synthetic_group_proportions": {
          "female": 0.5163,
          "male": 0.4837
        },
        "unexpected_in_synthetic": [],
        "within_threshold": true
      },
      "race": {
        "abs_pp_drift": {
          "asian": 0.0033333333333329662,
          "black": 0.00333333333333366,
          "hispanic": 0.003333333333333313,
          "other": 0.00333333333333366,
          "white": 0.0066666666666659324
        },
        "max_abs_pp_drift": 0.0066666666666659324,
        "missing_in_synthetic": [],