{
  "bias_analysis": {
    "bias_amplification_detected": false,
    "bias_preservation_score": 1.0,
    "bias_reduction_detected": false,
    "conditional_parity_real": {},
    "conditional_parity_synthetic": {},
    "demographic_parity_difference": {},
    "demographic_parity_real": {},
    "demographic_parity_synthetic": {}
  },
  "branch_mode": "intrinsic",
  "certificate_hash": "5a42b71b39bb656c52d2f45288b10cd5b0afc13492ef24a19081c85d6866b83b",
  "certificate_id": "29c04c89-814c-4f8c-b38f-e1b904bc07f1",
  "certificate_signature": "052b7e28339e360609298885fc34ef994a2e8557ee9ee3ab5310be19bc1d80ce7cf7a2e63f272aa6659485523b658abf875298d8b2a9666cbf75a0653f2518e4",
  "certificate_type": "synthetic_quality_certificate",
  "certificate_version": "1.0",
  "correlation_analysis": {
    "broken_correlations": [],
    "correlation_differences": {
      "age": {
        "age": 0.0,
        "credit_score": 0.06968382474863925,
        "debt_to_income": 0.0676699789696065,
        "income": 0.09151686627809225,
        "loan_amount": 0.06370525836678495
      },
      "credit_score": {
        "age": 0.06968382474863925,
        "credit_score": 0.0,
        "debt_to_income": 0.04314887411568085,
        "income": 0.21941300606138275,
        "loan_amount": 0.18029096336259065
      },
      "debt_to_income": {
        "age": 0.0676699789696065,
        "credit_score": 0.04314887411568085,
        "debt_to_income": 0.0,
        "income": 0.051907349830711116,
        "loan_amount": 0.030931831585286923
      },
      "income": {
        "age": 0.09151686627809225,
        "credit_score": 0.21941300606138275,
        "debt_to_income": 0.051907349830711116,
        "income": 0.0,
        "loan_amount": 0.22834084455612258
      },
      "loan_amount": {
        "age": 0.06370525836678495,
        "credit_score": 0.18029096336259065,
        "debt_to_income": 0.030931831585286923,
        "income": 0.22834084455612258,
        "loan_amount": 0.0
      }
    },
    "correlation_preservation_score": 0.8953391202125103,
    "max_correlation_difference": 0.22834084455612258,
    "mean_correlation_difference": 0.10466087978748977,
    "real_correlation_matrix": {
      "age": {
        "age": 1.0,
        "credit_score": 0.016822185539389276,
        "debt_to_income": 0.010304554522836039,
        "income": -0.013018439354153564,
        "loan_amount": -0.030776479816860658
      },
      "credit_score": {
        "age": 0.016822185539389276,
        "credit_score": 1.0,
        "debt_to_income": 0.00932229143332476,
        "income": 0.28415820143258697,
        "loan_amount": 0.2448384848367677
      },
      "debt_to_income": {
        "age": 0.010304554522836039,
        "credit_score": 0.00932229143332476,
        "debt_to_income": 1.0,
        "income": -0.0133333758011368,
        "loan_amount": -0.005727320974461758
      },
      "income": {
        "age": -0.013018439354153564,
        "credit_score": 0.28415820143258697,
        "debt_to_income": -0.0133333758011368,
        "income": 1.0,
        "loan_amount": 0.8808936584289794
      },
      "loan_amount": {
        "age": -0.030776479816860658,
        "credit_score": 0.2448384848367677,
        "debt_to_income": -0.005727320974461758,
        "income": 0.8808936584289794,
        "loan_amount": 1.0
      }
    },
    "synthetic_correlation_matrix": {
      "age": {
        "age": 1.0,
        "credit_score": -0.05286163920924998,
        "debt_to_income": 0.07797453349244253,
        "income": 0.07849842692393869,
        "loan_amount": 0.0329287785499243
      },
      "credit_score": {
        "age": -0.05286163920924998,
        "credit_score": 1.0,
        "debt_to_income": -0.03382658268235609,
        "income": 0.06474519537120421,
        "loan_amount": 0.06454752147417707
      },
      "debt_to_income": {
        "age": 0.07797453349244253,
        "credit_score": -0.03382658268235609,
        "debt_to_income": 1.0,
        "income": 0.03857397402957432,
        "loan_amount": 0.025204510610825164
      },
      "income": {
        "age": 0.07849842692393869,
        "credit_score": 0.06474519537120421,
        "debt_to_income": 0.03857397402957432,
        "income": 1.0,
        "loan_amount": 0.6525528138728568
      },
      "loan_amount": {
        "age": 0.0329287785499243,
        "credit_score": 0.06454752147417707,
        "debt_to_income": 0.025204510610825164,
        "income": 0.6525528138728568,
        "loan_amount": 1.0
      }
    }
  },
  "critical_issues": [],
  "issued_at": "2026-01-03T14:37:23.265353+00:00",
  "issued_by": "FL-BSA Synthetic Quality Validation System",
  "overall_quality_score": 0.6815332453286052,
  "pipeline_id": "63404f8c-bb53-426a-b3af-aeafe4b394b1",
  "previous_certificate_hash": "30c63e2764ec2c7923af572f2f4409e4347826618a9da793d5e42f0554441001",
  "privacy_metrics": {
    "duplicate_count": 0,
    "mean_nearest_neighbor_distance": 0.9946580892739234,
    "min_nearest_neighbor_distance": 0.024240895716758342,
    "near_duplicate_count": 0,
    "privacy_preservation_score": 0.8307938611019101,
    "unique_combination_overlap": 0.0076184166942696255
  },
  "public_key_fingerprint": "1f131ff193087446",
  "quality_ok": false,
  "quality_threshold_met": false,
  "quality_threshold_used": 0.8,
  "real_data_columns": 9,
  "real_data_hash": "7fbc4c8b4d24b2173d2c536e5d3f62c8fcc28cfdf3a165071c6ad04864721ba8",
  "real_data_path": "/app/output/63404f8c-bb53-426a-b3af-aeafe4b394b1/dataset_63404f8c-bb53-426a-b3af-aeafe4b394b1.csv",
  "real_data_rows": 3000,
  "recommendations": [
    "Consider retraining the model with different hyperparameters",
    "Review columns with significant distribution differences"
  ],
  "signature_algorithm": "ECDSA-P256-SHA256",
  "signed_at": "2026-01-03T14:37:23.785325",
  "statistical_comparison": {
    "chi_square_results": {
      "gender": {
        "p_value": 0.03620289422203424,
        "significant": true,
        "statistic": 4.387522021937595
      },
      "race": {
        "p_value": 0.0,
        "significant": true,
        "statistic": 2826.270391615387
      }
    },
    "js_divergences": {
      "gender": 0.007403408061094979,
      "race": 0.16321370296086796
    },
    "ks_test_results": {
      "age": {
        "p_value": 6.13e-321,
        "significant": true,
        "statistic": 0.49853333333333333
      },
      "credit_score": {
        "p_value": 3.8121816091589416e-297,
        "significant": true,
        "statistic": 0.3794
      },
      "debt_to_income": {
        "p_value": 1.3644655015300215e-64,
        "significant": true,
        "statistic": 0.17833333333333334
      },
      "income": {
        "p_value": 6.107e-321,
        "significant": true,
        "statistic": 0.4998
      },
      "loan_amount": {
        "p_value": 1.7875639984835028e-164,
        "significant": true,
        "statistic": 0.28386666666666666
      }
    },
    "kurtosis_differences": {
      "age": 1.0918545840115441,
      "credit_score": 0.44124758108175133,
      "debt_to_income": 0.24364729504526794,
      "income": 3.6115570965386024,
      "loan_amount": 7.651676239930977
    },
    "mean_differences": {
      "age": 0.24567095374531547,
      "credit_score": 0.07720977059146213,
      "debt_to_income": 0.21799489712425285,
      "income": 0.38991739194129804,
      "loan_amount": 0.4529805256310443
    },
    "median_js_divergence": 0.08530855551098147,
    "median_wasserstein_distance": 64.41553333333333,
    "n_significant_differences": 7,
    "overall_distribution_score": 0.0,
    "range_violations": {
      "age": {
        "real_range": [
          18.0,
          65.0
        ],
        "synthetic_range": [
          18.0,
          68.0
        ],
        "violation_type": "out_of_bounds"
      },
      "debt_to_income": {
        "real_range": [
          0.0003612944732134,
          0.4179596270574621
        ],
        "synthetic_range": [
          0.0,
          0.494
        ],