{
  "bias_analysis": {
    "bias_amplification_detected": false,
    "bias_preservation_score": 1.0,
    "bias_reduction_detected": false,
    "conditional_parity_real": {},
    "conditional_parity_synthetic": {},
    "demographic_parity_difference": {},
    "demographic_parity_real": {},
    "demographic_parity_synthetic": {}
  },
  "branch_mode": "intrinsic",
  "certificate_hash": "68b16c9155450fd30257d0a8ef00063da513f91527783094fc6b92ddb9d27a56",
  "certificate_id": "6afe880f-f0f4-4831-b2b3-793518dadc3b",
  "certificate_signature": "54cff73170be9ef16c915f4b5a399a28c0a49aad3830a9d91b98ba9ee89735f20b1e84e6d1831be3f801eaa2c8faecf1d67268954e29cdfac2eb7d3811182166",
  "certificate_type": "synthetic_quality_certificate",
  "certificate_version": "1.0",
  "correlation_analysis": {
    "broken_correlations": [],
    "correlation_differences": {
      "age": {
        "age": 0.0,
        "credit_score": 0.09053315531592795,
        "debt_to_income": 0.07588193500883554,
        "income": 0.08973680606548978,
        "loan_amount": 0.05369162313834973
      },
      "credit_score": {
        "age": 0.09053315531592795,
        "credit_score": 0.0,
        "debt_to_income": 0.030086206026999567,
        "income": 0.230941020373012,
        "loan_amount": 0.17535388321046141
      },
      "debt_to_income": {
        "age": 0.07588193500883554,
        "credit_score": 0.030086206026999567,
        "debt_to_income": 0.0,
        "income": 0.06424952601423399,
        "loan_amount": 0.04616705850865779
      },
      "income": {
        "age": 0.08973680606548978,
        "credit_score": 0.230941020373012,
        "debt_to_income": 0.06424952601423399,
        "income": 0.0,
        "loan_amount": 0.23248647962379143
      },
      "loan_amount": {
        "age": 0.05369162313834973,
        "credit_score": 0.17535388321046141,
        "debt_to_income": 0.04616705850865779,
        "income": 0.23248647962379143,
        "loan_amount": 0.0
      }
    },
    "correlation_preservation_score": 0.891087230671424,
    "max_correlation_difference": 0.23248647962379143,
    "mean_correlation_difference": 0.10891276932857592,
    "real_correlation_matrix": {
      "age": {
        "age": 1.0,
        "credit_score": 0.016822185539389276,
        "debt_to_income": 0.010304554522836054,
        "income": -0.013018439354153564,
        "loan_amount": -0.030776479816860658
      },
      "credit_score": {
        "age": 0.016822185539389276,
        "credit_score": 1.0,
        "debt_to_income": 0.00932229143332476,
        "income": 0.28415820143258697,
        "loan_amount": 0.24483848483676776
      },
      "debt_to_income": {
        "age": 0.010304554522836054,
        "credit_score": 0.00932229143332476,
        "debt_to_income": 1.0,
        "income": -0.013333375801136785,
        "loan_amount": -0.005727320974461774
      },
      "income": {
        "age": -0.013018439354153564,
        "credit_score": 0.28415820143258697,
        "debt_to_income": -0.013333375801136785,
        "income": 1.0,
        "loan_amount": 0.8808936584289794
      },
      "loan_amount": {
        "age": -0.030776479816860658,
        "credit_score": 0.24483848483676776,
        "debt_to_income": -0.005727320974461774,
        "income": 0.8808936584289794,
        "loan_amount": 1.0
      }
    },
    "synthetic_correlation_matrix": {
      "age": {
        "age": 1.0,
        "credit_score": -0.07371096977653868,
        "debt_to_income": 0.0861864895316716,
        "income": 0.07671836671133622,
        "loan_amount": 0.022915143321489074
      },
      "credit_score": {
        "age": -0.07371096977653868,
        "credit_score": 1.0,
        "debt_to_income": -0.02076391459367481,
        "income": 0.05321718105957497,
        "loan_amount": 0.06948460162630635
      },
      "debt_to_income": {
        "age": 0.0861864895316716,
        "credit_score": -0.02076391459367481,
        "debt_to_income": 1.0,
        "income": 0.05091615021309721,
        "loan_amount": 0.04043973753419602
      },
      "income": {
        "age": 0.07671836671133622,
        "credit_score": 0.05321718105957497,
        "debt_to_income": 0.05091615021309721,
        "income": 1.0,
        "loan_amount": 0.648407178805188
      },
      "loan_amount": {
        "age": 0.022915143321489074,
        "credit_score": 0.06948460162630635,
        "debt_to_income": 0.04043973753419602,
        "income": 0.648407178805188,
        "loan_amount": 1.0
      }
    }
  },
  "critical_issues": [],
  "issued_at": "2026-01-05T12:40:15.074008+00:00",
  "issued_by": "FL-BSA Synthetic Quality Validation System",
  "overall_quality_score": 0.7221556394128444,
  "pipeline_id": "485998b9-162d-4a31-b2b9-15507ce4733c",
  "previous_certificate_hash": "2d0806a8a7eaf9143eee7783068cc6bc1b680ab178220d4148fe8470e3142a64",
  "privacy_metrics": {
    "duplicate_count": 0,
    "mean_nearest_neighbor_distance": 1.0240724869684805,
    "min_nearest_neighbor_distance": 0.10559665035664571,
    "near_duplicate_count": 0,
    "privacy_preservation_score": 0.997535326979954,
    "unique_combination_overlap": 0.007394019060138022
  },
  "public_key_fingerprint": "69b10090cb1eeb37",
  "quality_ok": false,
  "quality_threshold_met": false,
  "quality_threshold_used": 0.8,
  "real_data_columns": 9,
  "real_data_hash": "7fbc4c8b4d24b2173d2c536e5d3f62c8fcc28cfdf3a165071c6ad04864721ba8",
  "real_data_path": "/app/output/485998b9-162d-4a31-b2b9-15507ce4733c/dataset_485998b9-162d-4a31-b2b9-15507ce4733c.csv",
  "real_data_rows": 3000,
  "recommendations": [
    "Consider retraining the model with different hyperparameters",
    "Review columns with significant distribution differences"
  ],
  "signature_algorithm": "ECDSA-P256-SHA256",
  "signed_at": "2026-01-05T12:40:15.608997",
  "statistical_comparison": {
    "chi_square_results": {
      "gender": {
        "p_value": 0.041890757245136745,
        "significant": true,
        "statistic": 4.139612520698049
      },
      "race": {
        "p_value": 0.0,
        "significant": true,
        "statistic": 2963.1234707186677
      }
    },
    "js_divergences": {
      "gender": 0.007191258754436103,
      "race": 0.1655424577238843
    },
    "ks_test_results": {
      "age": {
        "p_value": 6.28e-321,
        "significant": true,
        "statistic": 0.49106666666666665
      },
      "credit_score": {
        "p_value": 4.341640629e-314,
        "significant": true,
        "statistic": 0.38976666666666665
      },
      "debt_to_income": {
        "p_value": 4.240472820492386e-65,
        "significant": true,
        "statistic": 0.17903333333333332
      },
      "income": {
        "p_value": 6.077e-321,
        "significant": true,
        "statistic": 0.5013
      },
      "loan_amount": {
        "p_value": 5.665024832474839e-161,
        "significant": true,
        "statistic": 0.28086666666666665
      }
    },
    "kurtosis_differences": {
      "age": 0.9882488218243028,
      "credit_score": 0.4135645645635617,
      "debt_to_income": 0.21528811647828494,
      "income": 3.420173631481303,
      "loan_amount": 7.596278855693427
    },
    "mean_differences": {
      "age": 0.24201886573107032,
      "credit_score": 0.07856626294402043,
      "debt_to_income": 0.21875405014983632,
      "income": 0.389582224789712,
      "loan_amount": 0.4412840864766207
    },
    "median_js_divergence": 0.0863668582391602,
    "median_wasserstein_distance": 65.262,
    "n_significant_differences": 7,
    "overall_distribution_score": 0.0,
    "range_violations": {
      "age": {
        "real_range": [
          18.0,
          65.0
        ],
        "synthetic_range": [
          18.0,
          68.0
        ],
        "violation_type": "out_of_bounds"
      },
      "debt_to_income": {
        "real_range": [
          0.0003612944732134,
          0.4179596270574621
        ],
        "synthetic_range": [
          0.0,
          0.494
        ],