{
  "bias_analysis": {
    "bias_amplification_detected": false,
    "bias_preservation_score": 0.995757158341738,
    "bias_reduction_detected": false,
    "conditional_parity_real": {},
    "conditional_parity_synthetic": {},
    "demographic_parity_difference": {
      "gender": 0.0005932066217657628,
      "race": 0.003649635036496346
    },
    "demographic_parity_real": {
      "gender": {
        "female": 0.43834732085216266,
        "male": 0.5775327360441075
      },
      "race": {
        "asian": 0.5040322580645161,
        "black": 0.5414012738853503,
        "hispanic": 0.5,
        "other": 0.4768211920529801,
        "white": 0.5055038103302286
      }
    },
    "demographic_parity_synthetic": {
      "gender": {
        "female": 0.4377541142303969,
        "male": 0.5772492244053774
      },
      "race": {
        "asian": 0.5024213075060533,
        "black": 0.5391969407265774,
        "hispanic": 0.49635036496350365,
        "other": 0.4760956175298805,
        "white": 0.5053968253968254
      }
    }
  },
  "branch_mode": "amplification",
  "certificate_hash": "0477545d22c1fe19ae32db915a022620aef8509eee2d99bc8f6bd5e618d81e75",
  "certificate_id": "10ebaeae-dee1-4076-9389-f0b6c72daa08",
  "certificate_type": "synthetic_quality_certificate",
  "certificate_version": "1.1",
  "correlation_analysis": {
    "broken_correlations": [],
    "correlation_differences": {
      "age": {
        "age": 0.0,
        "credit_score": 0.2942418131620159,
        "debt_to_income": 0.09756312439867568,
        "income": 0.12654588475694237,
        "loan_amount": 0.08907469053021844,
        "loan_approved": 6.735430502909177e-05
      },
      "credit_score": {
        "age": 0.2942418131620159,
        "credit_score": 0.0,
        "debt_to_income": 0.23210997204564027,
        "income": 0.04848295874385605,
        "loan_amount": 0.05960912502718113,
        "loan_approved": 0.0005468690626789507
      },
      "debt_to_income": {
        "age": 0.09756312439867568,
        "credit_score": 0.23210997204564027,
        "debt_to_income": 0.0,
        "income": 0.10727157230892025,
        "loan_amount": 0.0906365475117164,
        "loan_approved": 0.00020207649422968044
      },
      "income": {
        "age": 0.12654588475694237,
        "credit_score": 0.04848295874385605,
        "debt_to_income": 0.10727157230892025,
        "income": 0.0,
        "loan_amount": 0.03582495479156089,
        "loan_approved": 0.0012925063126876246
      },
      "loan_amount": {
        "age": 0.08907469053021844,
        "credit_score": 0.05960912502718113,
        "debt_to_income": 0.0906365475117164,
        "income": 0.03582495479156089,
        "loan_amount": 0.0,
        "loan_approved": 0.0344550807538144
      },
      "loan_approved": {
        "age": 6.735430502909177e-05,
        "credit_score": 0.0005468690626789507,
        "debt_to_income": 0.00020207649422968044,
        "income": 0.0012925063126876246,
        "loan_amount": 0.0344550807538144,
        "loan_approved": 0.0
      }
    },
    "correlation_nonfinite_policy": "nonfinite_to_null",
    "correlation_preservation_score": 0.9188050313196555,
    "correlation_scored_pair_count": 15,
    "correlation_total_pair_count": 15,
    "max_correlation_difference": 0.2942418131620159,
    "mean_correlation_difference": 0.08119496868034447,
    "real_correlation_matrix": {
      "age": {
        "age": 1.0,
        "credit_score": 0.015621396725036216,
        "debt_to_income": 0.010269970255047091,
        "income": -0.012439136279730862,
        "loan_amount": -0.030137609313218912,
        "loan_approved": -0.007064723980911284
      },
      "credit_score": {
        "age": 0.015621396725036216,
        "credit_score": 1.0,
        "debt_to_income": 0.009322291433324767,
        "income": 0.28415820143258697,
        "loan_amount": 0.2448384848367677,
        "loan_approved": 0.20649239552832796
      },
      "debt_to_income": {
        "age": 0.010269970255047091,
        "credit_score": 0.009322291433324767,
        "debt_to_income": 1.0,
        "income": -0.013333375801136785,
        "loan_amount": -0.005727320974461774,
        "loan_approved": -0.08624625535508865
      },
      "income": {
        "age": -0.012439136279730862,
        "credit_score": 0.28415820143258697,
        "debt_to_income": -0.013333375801136785,
        "income": 1.0,
        "loan_amount": 0.8808936584289794,
        "loan_approved": 0.24257910934560553
      },
      "loan_amount": {
        "age": -0.030137609313218912,
        "credit_score": 0.2448384848367677,
        "debt_to_income": -0.005727320974461774,
        "income": 0.8808936584289794,
        "loan_amount": 1.0,
        "loan_approved": 0.22206711436454415
      },
      "loan_approved": {
        "age": -0.007064723980911284,
        "credit_score": 0.20649239552832796,
        "debt_to_income": -0.08624625535508865,
        "income": 0.24257910934560553,
        "loan_amount": 0.22206711436454415,
        "loan_approved": 1.0
      }
    },
    "synthetic_correlation_matrix": {
      "age": {
        "age": 1.0,
        "credit_score": -0.2786204164369797,
        "debt_to_income": 0.10783309465372276,
        "income": -0.13898502103667323,
        "loan_amount": -0.11921229984343734,
        "loan_approved": -0.006997369675882192
      },
      "credit_score": {
        "age": -0.2786204164369797,
        "credit_score": 1.0,
        "debt_to_income": -0.2227876806123155,
        "income": 0.2356752426887309,
        "loan_amount": 0.18522935980958657,
        "loan_approved": 0.2070392645910069
      },
      "debt_to_income": {
        "age": 0.10783309465372276,
        "credit_score": -0.2227876806123155,
        "debt_to_income": 1.0,
        "income": -0.12060494811005704,
        "loan_amount": -0.09636386848617817,
        "loan_approved": -0.08644833184931833
      },
      "income": {
        "age": -0.13898502103667323,
        "credit_score": 0.2356752426887309,
        "debt_to_income": -0.12060494811005704,
        "income": 1.0,
        "loan_amount": 0.8450687036374185,
        "loan_approved": 0.24387161565829316
      },
      "loan_amount": {
        "age": -0.11921229984343734,
        "credit_score": 0.18522935980958657,
        "debt_to_income": -0.09636386848617817,
        "income": 0.8450687036374185,
        "loan_amount": 1.0,
        "loan_approved": 0.18761203361072976
      },
      "loan_approved": {
        "age": -0.006997369675882192,
        "credit_score": 0.2070392645910069,
        "debt_to_income": -0.08644833184931833,
        "income": 0.24387161565829316,
        "loan_amount": 0.18761203361072976,
        "loan_approved": 1.0
      }
    },
    "undefined_correlation_columns_real": [],
    "undefined_correlation_columns_synthetic": [],
    "undefined_correlation_pair_both_count": 0,
    "undefined_correlation_pair_count": 0,
    "undefined_correlation_pair_mismatch_count": 0
  },
  "critical_issues": [],
  "demographic_alignment": {
    "attributes": {
      "gender": {
        "abs_pp_drift": {
          "female": 0.01666666666666483,
          "male": 0.016666666666670382
        },
        "max_abs_pp_drift": 0.016666666666670382,
        "missing_in_synthetic": [],
        "real_group_proportions": {
          "female": 0.5163333333333333,
          "male": 0.4836666666666667
        },
        "synthetic_group_proportions": {
          "female": 0.5165,
          "male": 0.4835
        },
        "unexpected_in_synthetic": [],
        "within_threshold": true
      },
      "race": {
        "abs_pp_drift": {
          "asian": 0.0066666666666659324,
          "black": 0.00333333333333366,
          "hispanic": 0.006666666666666626,
          "other": 0.013333333333333253,
          "white": 0.01666666666666483
        },
        "max_abs_pp_drift": 0.01666666666666483,
        "missing_in_synthetic": [],
        "real_group_proportions": {
          "asian": 0.08266666666666667,