{
  "bias_analysis": {
    "bias_amplification_detected": false,
    "bias_preservation_score": 1.0,
    "bias_reduction_detected": false,
    "conditional_parity_real": {},
    "conditional_parity_synthetic": {},
    "demographic_parity_difference": {},
    "demographic_parity_real": {},
    "demographic_parity_synthetic": {}
  },
  "branch_mode": "intrinsic",
  "certificate_hash": "eec6e755ebf4160a4a5851d3973cd0942839cff40ba1c87bb460bd93652fd6d6",
  "certificate_id": "146547ff-3ebe-40f1-b7eb-ad53d67993ff",
  "certificate_signature": "eb61583a7c139b334f3acfdaa1b6ee7ee32cc2d68f82dce28953d805df6e4993204d2116a9cfb82c26812501b13cc0eea6cb84eadb23623658be818a7a670ada",
  "certificate_type": "synthetic_quality_certificate",
  "certificate_version": "1.0",
  "correlation_analysis": {
    "broken_correlations": [
      {
        "column1": "credit_score",
        "column2": "income",
        "difference": 0.33892525428412074,
        "real_correlation": 0.2841582014325869,
        "synthetic_correlation": -0.05476705285153381
      },
      {
        "column1": "age",
        "column2": "income",
        "difference": 0.3268203452182548,
        "real_correlation": -0.01301843935415355,
        "synthetic_correlation": 0.3138019058641013
      }
    ],
    "correlation_differences": {
      "age": {
        "age": 0.0,
        "credit_score": 0.21744958118127855,
        "debt_to_income": 0.08137817691458513,
        "income": 0.3268203452182548,
        "loan_amount": 0.27885879089703947
      },
      "credit_score": {
        "age": 0.21744958118127855,
        "credit_score": 0.0,
        "debt_to_income": 0.03106312155901366,
        "income": 0.33892525428412074,
        "loan_amount": 0.2844597845687906
      },
      "debt_to_income": {
        "age": 0.08137817691458513,
        "credit_score": 0.03106312155901366,
        "debt_to_income": 0.0,
        "income": 0.06836044090885124,
        "loan_amount": 0.06789217239345559
      },
      "income": {
        "age": 0.3268203452182548,
        "credit_score": 0.33892525428412074,
        "debt_to_income": 0.06836044090885124,
        "income": 0.0,
        "loan_amount": 0.14314098729353142
      },
      "loan_amount": {
        "age": 0.27885879089703947,
        "credit_score": 0.2844597845687906,
        "debt_to_income": 0.06789217239345559,
        "income": 0.14314098729353142,
        "loan_amount": 0.0
      }
    },
    "correlation_preservation_score": 0.8161651344781079,
    "max_correlation_difference": 0.33892525428412074,
    "mean_correlation_difference": 0.1838348655218921,
    "real_correlation_matrix": {
      "age": {
        "age": 1.0,
        "credit_score": 0.016822185539389255,
        "debt_to_income": 0.010304554522836039,
        "income": -0.01301843935415355,
        "loan_amount": -0.03077647981686067
      },
      "credit_score": {
        "age": 0.016822185539389255,
        "credit_score": 1.0,
        "debt_to_income": 0.009322291433324767,
        "income": 0.2841582014325869,
        "loan_amount": 0.2448384848367677
      },
      "debt_to_income": {
        "age": 0.010304554522836039,
        "credit_score": 0.009322291433324767,
        "debt_to_income": 1.0,
        "income": -0.0133333758011368,
        "loan_amount": -0.005727320974461774
      },
      "income": {
        "age": -0.01301843935415355,
        "credit_score": 0.2841582014325869,
        "debt_to_income": -0.0133333758011368,
        "income": 1.0,
        "loan_amount": 0.8808936584289793
      },
      "loan_amount": {
        "age": -0.03077647981686067,
        "credit_score": 0.2448384848367677,
        "debt_to_income": -0.005727320974461774,
        "income": 0.8808936584289793,
        "loan_amount": 1.0
      }
    },
    "synthetic_correlation_matrix": {
      "age": {
        "age": 1.0,
        "credit_score": -0.2006273956418893,
        "debt_to_income": -0.0710736223917491,
        "income": 0.3138019058641013,
        "loan_amount": 0.24808231108017878
      },
      "credit_score": {
        "age": -0.2006273956418893,
        "credit_score": 1.0,
        "debt_to_income": -0.021740830125688896,
        "income": -0.05476705285153381,
        "loan_amount": -0.039621299732022934
      },
      "debt_to_income": {
        "age": -0.0710736223917491,
        "credit_score": -0.021740830125688896,
        "debt_to_income": 1.0,
        "income": -0.08169381670998804,
        "loan_amount": -0.07361949336791736
      },
      "income": {
        "age": 0.3138019058641013,
        "credit_score": -0.05476705285153381,
        "debt_to_income": -0.08169381670998804,
        "income": 1.0,
        "loan_amount": 0.7377526711354478
      },
      "loan_amount": {
        "age": 0.24808231108017878,
        "credit_score": -0.039621299732022934,
        "debt_to_income": -0.07361949336791736,
        "income": 0.7377526711354478,
        "loan_amount": 1.0
      }
    }
  },
  "critical_issues": [],
  "issued_at": "2026-01-02T12:20:06.582591+00:00",
  "issued_by": "FL-BSA Synthetic Quality Validation System",
  "overall_quality_score": 0.7038141635026095,
  "pipeline_id": "7d94fa9a-1ef3-43d3-a095-58bc2ed78d70",
  "previous_certificate_hash": "a0c5c4d7753d3a4681b48f9e2546f90115862db1e599bde2a0cf1ab48f4ed051",
  "privacy_metrics": {
    "duplicate_count": 0,
    "mean_nearest_neighbor_distance": 1.2937872070574057,
    "min_nearest_neighbor_distance": 0.15136968807775605,
    "near_duplicate_count": 0,
    "privacy_preservation_score": 0.99909151953233,
    "unique_combination_overlap": 0.0027254414030098355
  },
  "public_key_fingerprint": "b3cf460cad0c6c91",
  "quality_ok": false,
  "quality_threshold_met": false,
  "quality_threshold_used": 0.8,
  "real_data_columns": 9,
  "real_data_hash": "7fbc4c8b4d24b2173d2c536e5d3f62c8fcc28cfdf3a165071c6ad04864721ba8",
  "real_data_path": "/app/output/7d94fa9a-1ef3-43d3-a095-58bc2ed78d70/dataset_7d94fa9a-1ef3-43d3-a095-58bc2ed78d70.csv",
  "real_data_rows": 3000,
  "recommendations": [
    "Consider retraining the model with different hyperparameters",
    "Review columns with significant distribution differences",
    "Review 2 broken correlations"
  ],
  "signature_algorithm": "ECDSA-P256-SHA256",
  "signed_at": "2026-01-02T12:20:07.178336",
  "statistical_comparison": {
    "chi_square_results": {
      "gender": {
        "p_value": 4.273875452997101e-50,
        "significant": true,
        "statistic": 221.49256560746272
      },
      "race": {
        "p_value": 0.0,
        "significant": true,
        "statistic": 1985.6692250289623
      }
    },
    "js_divergences": {
      "gender": 0.05264976732668624,
      "race": 0.14597428010279517
    },
    "ks_test_results": {
      "age": {
        "p_value": 9.516e-321,
        "significant": true,
        "statistic": 0.4084333333333333
      },
      "credit_score": {
        "p_value": 8.577e-321,
        "significant": true,
        "statistic": 0.4206666666666667
      },
      "debt_to_income": {
        "p_value": 1.750964351258291e-51,
        "significant": true,
        "statistic": 0.15916666666666668
      },
      "income": {
        "p_value": 8.810480132842465e-176,
        "significant": true,
        "statistic": 0.29333333333333333
      },
      "loan_amount": {
        "p_value": 2.945e-321,
        "significant": true,
        "statistic": 0.6552333333333333
      }
    },
    "kurtosis_differences": {
      "age": 1.0706158378339052,
      "credit_score": 0.5708953200423683,
      "debt_to_income": 0.5728215419318627,
      "income": 6.88814669740797,
      "loan_amount": 7.837018442259005
    },
    "mean_differences": {
      "age": 0.311427907336199,
      "credit_score": 0.08921655305322322,
      "debt_to_income": 0.0008443957886801912,
      "income": 0.6207459810374484,
      "loan_amount": 1.617280059989306
    },
    "median_js_divergence": 0.09931202371474071,
    "median_wasserstein_distance": 67.20586666666667,
    "n_significant_differences": 7,